"FSC-A","FSC-H","SSC-A","SSC-B-A","SSC-B-H","SSC-H","Comp-AF-A","Foxp3","CCR8","CCR7","Ki67","CCR9","TCRgd","TIM-3","Ly-6C","CD45.2","CD4","NK1.1","CTLA-4","CD103","CD62L","GITR","CD45.1","CXCR3","CD44","PD-1","RORgT","CD127","ICOS","LAG3","Blimp1","CD69","KLRG1","CD137","ST2","CD25","CD38","Helios","Neuropilin","i.v. CD45","CD8","CD3","viability","T-bet","Time"
404,252,782,339,175,485,579,463,288,699,339,168,273,337,880,460,41,157,309,266,567,533,1022,503,390,273,457,517,345,620,445,776,234,346,272,337,403,282,420,379,719,582,404,457,0
418,272,288,217,78,233,459,351,443,315,700,234,358,358,859,370,308,246,727,346,288,506,971,573,670,824,474,392,610,630,497,341,294,331,304,294,593,349,431,310,719,631,295,497,3
448,301,522,222,90,458,537,355,372,506,713,177,340,337,617,436,171,177,516,286,299,500,1000,399,418,542,381,565,375,626,505,472,188,434,267,255,625,352,480,341,737,609,358,569,3
437,287,350,213,77,293,525,370,386,321,768,187,304,417,865,467,212,214,507,800,227,544,982,406,620,653,505,372,584,352,455,521,204,464,259,270,596,314,473,282,763,663,363,466,3
583,407,579,238,94,462,501,340,460,274,805,214,317,555,679,424,199,248,654,547,230,362,970,506,760,684,436,435,559,513,490,339,285,367,322,319,359,358,411,359,813,674,319,544,4
474,329,698,285,146,584,593,413,428,421,677,153,269,370,904,452,53,172,493,300,337,503,1015,509,369,458,424,393,780,545,504,668,227,374,232,284,670,266,413,406,775,661,277,500,5
433,296,355,223,89,306,523,379,375,316,422,194,338,368,395,395,146,219,792,288,334,535,991,461,404,740,426,416,767,437,457,425,429,385,234,314,665,298,390,320,763,669,316,577,5
447,300,469,227,85,377,566,429,354,566,688,136,323,400,666,443,104,167,601,691,266,583,1007,563,721,555,357,555,641,463,477,379,247,646,253,258,379,317,391,349,781,592,316,468,6
442,300,234,182,47,207,468,402,463,238,390,196,316,376,909,418,236,275,335,311,305,410,960,440,633,542,415,392,518,474,430,428,309,355,324,260,553,323,465,355,767,696,282,463,8
675,445,1017,386,166,545,542,320,370,417,662,186,334,409,802,342,102,210,585,728,301,546,998,226,783,785,460,388,810,386,613,683,257,765,236,338,544,315,398,350,784,749,369,553,11
393,249,248,184,47,207,536,378,479,445,790,188,280,420,374,275,143,210,685,421,310,551,940,453,693,485,561,723,759,370,448,276,290,458,244,365,355,325,595,357,759,544,308,480,13
499,363,327,201,64,281,466,336,647,258,362,215,350,350,891,425,248,283,318,889,399,586,979,470,789,388,546,656,614,607,415,771,306,376,312,381,370,337,323,346,826,713,313,358,14
445,286,476,264,80,291,538,349,484,195,498,229,333,322,852,376,178,260,620,660,349,515,970,354,596,579,488,417,606,254,419,603,281,452,299,320,549,313,391,362,763,645,291,530,14
429,286,384,198,62,332,543,393,366,482,689,184,294,405,884,377,92,192,709,311,336,410,984,489,375,710,439,408,626,683,386,585,193,371,236,298,451,304,445,367,721,705,371,513,18
623,456,808,308,140,550,467,380,504,540,307,231,430,435,890,381,225,275,293,920,215,545,956,520,840,555,459,566,613,411,462,824,317,322,297,449,386,302,403,390,788,720,465,398,18
602,435,988,368,172,683,536,371,705,122,427,227,328,280,891,289,275,294,286,874,382,666,960,397,846,435,458,460,614,394,400,920,181,561,276,342,313,385,474,352,811,760,271,466,22
451,300,706,260,102,513,551,393,631,397,273,119,195,235,364,388,437,257,323,935,70,630,993,472,885,632,478,509,652,443,540,893,354,632,288,279,370,367,404,458,816,636,513,487,28
539,387,515,260,119,423,448,327,498,107,703,233,398,319,745,378,326,343,346,879,314,599,943,485,780,720,484,347,632,250,434,819,351,842,310,323,404,321,430,324,796,801,354,512,29
526,381,417,247,105,330,511,404,335,388,327,260,300,469,742,320,127,283,328,299,238,354,931,344,520,336,440,529,347,351,444,326,726,308,303,337,633,325,323,397,716,590,438,473,33
595,398,913,313,166,742,512,383,328,358,678,221,329,471,616,440,255,306,716,274,300,490,972,373,665,801,505,358,658,332,564,522,321,404,263,453,426,396,393,343,749,659,353,569,33
390,251,379,203,69,336,540,349,375,431,348,211,309,364,894,412,127,184,305,301,302,610,973,401,401,372,419,592,374,744,471,470,263,370,289,277,494,676,399,338,604,558,342,533,35
720,526,883,330,173,654,592,362,765,119,847,136,295,368,710,492,74,120,729,892,356,656,1012,448,626,615,518,640,847,384,608,706,406,551,258,230,446,260,453,403,780,689,376,632,35
508,366,367,210,76,327,531,407,284,430,365,210,315,482,783,384,117,194,356,277,273,497,944,394,326,334,427,404,368,451,475,769,297,339,278,342,440,319,338,394,669,771,374,477,41
564,415,525,261,122,429,431,281,617,325,253,213,337,396,398,271,362,436,267,936,249,654,918,418,903,499,497,457,475,397,422,721,292,676,334,369,263,345,391,395,791,739,477,402,45
418,286,327,208,64,256,530,366,354,438,375,200,303,288,714,405,158,207,305,286,248,304,949,365,315,334,456,465,355,576,538,315,676,373,277,329,570,330,309,335,686,535,340,529,47
710,511,856,333,180,664,597,468,450,410,827,144,241,262,944,483,59,110,502,229,240,615,1016,555,305,272,479,423,571,296,577,866,722,452,226,629,489,298,523,380,726,730,377,550,51
523,396,233,187,54,202,501,328,444,325,667,202,302,425,696,288,107,223,335,717,348,547,973,577,795,415,484,741,424,403,431,336,256,324,299,317,333,362,384,377,784,709,329,568,58
484,331,475,223,83,387,538,385,370,345,355,169,312,425,902,430,156,161,349,314,266,547,967,316,578,376,412,738,297,642,472,360,274,400,255,343,539,321,381,439,726,608,367,499,62
427,288,537,241,109,477,500,364,371,393,361,196,334,363,793,407,325,225,473,360,265,615,978,445,674,769,440,406,695,624,517,577,246,396,265,299,516,377,484,310,793,726,335,517,63
642,348,1023,487,208,712,499,378,451,506,347,282,307,530,837,365,311,257,572,873,145,598,931,444,740,567,439,453,622,611,578,679,202,403,296,401,281,357,486,421,783,695,635,473,63
429,288,470,211,77,421,509,338,441,291,449,215,292,205,810,421,201,485,324,313,267,386,943,356,503,332,527,636,338,748,652,316,788,514,278,515,596,399,112,379,746,585,268,663,73
459,317,359,198,63,317,491,357,349,392,373,235,331,193,758,355,191,325,337,303,260,399,927,450,694,289,493,710,345,551,661,428,777,380,310,287,588,339,214,527,716,603,345,582,77
406,256,490,230,95,415,567,373,431,187,785,145,332,365,371,447,145,182,601,302,219,523,986,475,738,730,374,406,821,439,455,533,206,515,263,266,394,334,430,341,775,692,296,547,78
449,321,346,196,60,293,439,382,473,292,371,207,375,411,888,351,174,308,490,463,341,479,943,379,617,711,426,387,590,635,433,518,242,348,290,294,390,409,421,348,728,734,301,485,78
556,396,999,329,197,864,558,368,458,246,472,144,360,288,797,438,199,199,549,798,325,699,998,508,870,750,387,400,757,593,436,731,330,511,286,278,500,308,453,395,832,733,320,541,82
472,327,349,236,86,252,553,383,422,534,382,225,304,371,853,406,197,201,584,282,289,627,968,451,571,311,438,700,582,154,460,518,207,372,285,320,325,303,460,347,741,604,312,507,84
459,310,348,220,84,293,526,361,671,394,799,205,308,409,386,410,186,254,505,803,299,608,960,473,712,748,444,345,757,366,539,563,208,568,254,301,563,350,409,362,778,668,266,463,85
359,210,446,229,90,375,359,213,305,249,660,281,344,415,365,285,263,353,300,846,315,332,810,342,480,339,473,354,361,408,449,585,267,351,347,263,637,545,368,298,607,477,396,480,87
454,309,297,208,74,254,518,378,344,399,357,220,326,375,823,387,159,251,433,291,276,440,952,568,493,698,465,357,668,413,498,456,237,530,282,278,459,280,440,360,748,702,342,514,93
524,369,472,248,112,400,572,432,259,434,356,165,278,415,1006,478,131,149,326,264,324,492,1000,568,448,306,388,346,337,92,501,893,673,340,232,388,485,330,367,363,710,690,386,590,96
457,283,589,249,112,501,590,455,444,298,436,166,246,379,930,468,106,123,293,274,507,584,1017,481,323,325,395,572,355,588,548,787,255,356,244,408,667,257,339,370,767,704,308,467,98
430,277,479,234,92,383,482,397,296,463,441,213,316,428,918,469,220,242,518,315,322,473,959,508,357,573,435,399,420,481,497,359,250,523,282,319,241,386,407,341,580,722,341,488,98
451,303,381,191,53,314,507,365,488,238,799,184,316,429,788,409,172,180,417,315,246,373,964,439,769,449,429,390,527,644,504,331,248,354,291,309,484,386,482,319,718,656,257,552,102
465,313,531,251,68,353,524,348,317,424,655,180,308,432,821,430,180,224,580,317,322,457,981,503,699,640,402,404,458,723,556,707,272,373,269,367,595,326,368,366,740,585,394,587,102
477,335,374,200,64,317,528,422,447,491,563,182,282,449,955,433,76,200,372,275,312,492,1016,476,564,288,488,755,377,739,567,338,686,477,286,318,703,321,367,358,748,631,326,540,104
366,222,313,190,52,253,498,364,475,733,385,171,284,441,826,432,186,282,310,475,631,384,966,550,326,358,431,684,317,634,476,295,244,364,303,356,271,303,372,383,778,612,313,496,104
468,317,399,253,87,261,479,360,441,187,525,235,304,369,846,374,240,275,385,322,253,409,936,420,605,527,413,533,374,204,418,339,282,356,322,330,387,353,455,330,605,498,340,489,108
514,360,525,259,94,352,457,413,602,144,763,201,335,521,819,412,230,314,624,850,407,541,942,399,864,693,572,358,709,509,460,473,325,461,296,286,551,356,379,404,785,656,238,483,110
528,345,985,365,129,596,508,389,438,548,792,232,362,328,840,410,146,202,400,854,356,558,981,491,665,671,481,430,715,606,538,694,342,391,281,218,357,380,654,320,764,710,342,550,111
569,415,567,277,103,375,539,404,631,146,352,203,273,404,829,362,130,195,348,763,304,629,962,517,732,617,489,531,488,356,481,857,192,544,262,328,380,398,412,374,766,701,400,533,114
453,284,514,254,95,364,601,465,339,359,599,150,216,460,795,500,60,117,538,305,159,529,1013,487,434,306,443,286,577,368,506,855,433,631,217,419,518,283,387,351,639,537,361,396,115
429,287,249,195,60,216,550,375,444,680,482,177,317,340,368,375,119,220,625,669,779,405,973,438,443,399,398,780,591,650,389,341,239,359,262,283,295,288,507,352,763,535,335,495,115
498,363,576,239,108,512,536,397,382,374,644,182,278,375,780,432,147,182,311,423,278,467,967,424,638,302,502,347,365,471,446,604,409,355,309,313,669,339,398,346,805,792,304,509,115
443,302,445,213,81,404,500,347,324,410,364,203,311,255,717,431,243,516,329,288,344,327,943,455,553,312,500,611,326,605,671,363,800,421,303,374,574,342,156,349,747,596,339,545,116
443,296,815,309,130,605,406,256,697,90,392,196,388,331,384,415,332,363,358,933,431,824,942,489,934,378,512,746,795,398,399,816,296,313,275,349,372,342,822,329,663,584,244,520,121
497,358,328,223,87,271,511,395,387,400,390,214,313,405,370,381,194,237,401,299,289,508,945,669,688,736,415,708,410,387,441,369,244,341,293,287,579,291,411,329,698,469,316,468,121
432,278,320,217,73,237,582,364,641,491,683,183,326,329,821,360,243,278,570,917,341,618,1017,568,835,719,449,670,763,214,374,753,262,643,260,216,412,193,409,430,841,627,368,498,123
478,343,406,222,88,345,509,375,469,262,685,187,343,391,808,375,115,251,676,348,305,664,972,501,584,659,379,385,747,535,496,383,281,368,268,325,470,345,403,373,795,679,354,517,125
511,362,368,220,79,289,430,319,663,305,325,272,331,427,373,537,529,400,290,912,338,659,953,495,900,479,534,661,598,375,437,746,316,345,333,319,347,361,331,353,846,682,402,430,126
413,261,372,225,84,297,526,365,376,318,775,235,310,384,355,438,126,210,406,749,312,428,956,303,503,602,456,641,402,381,420,371,240,347,308,287,542,347,397,341,682,526,340,452,126
433,292,388,198,63,333,546,368,371,389,823,145,288,561,846,435,112,186,513,724,293,442,987,478,664,770,516,393,696,676,459,416,238,372,252,253,462,304,396,351,729,643,312,527,129
483,338,440,232,96,360,602,444,392,345,404,142,256,437,958,396,46,118,276,278,754,551,1021,694,657,331,364,526,365,437,390,275,376,243,242,416,642,210,383,355,803,697,274,487,138
545,393,490,281,146,406,501,426,452,521,529,224,292,578,981,285,299,243,598,780,358,574,930,585,565,561,442,664,665,86,441,584,295,414,285,528,407,300,351,317,694,716,343,567,138
513,380,446,210,77,404,517,347,491,311,606,207,306,479,976,480,146,259,420,313,317,488,975,502,734,360,447,631,586,794,516,388,678,409,313,295,396,364,393,315,578,622,401,614,140
474,332,320,219,86,275,469,354,436,517,458,251,327,351,919,325,210,270,497,318,334,530,923,417,440,713,437,549,446,336,508,357,243,300,290,348,468,329,491,286,665,675,304,494,145
485,343,344,239,101,287,535,309,734,163,789,204,327,301,381,430,171,227,382,776,218,542,989,266,581,407,452,383,714,343,582,361,285,722,318,389,513,291,509,286,794,693,362,522,147
449,313,485,232,80,381,518,368,439,290,365,212,316,462,747,446,151,211,324,296,401,359,991,498,528,355,374,521,313,487,461,402,741,310,269,286,645,342,247,327,751,628,291,535,156
447,290,563,268,82,328,451,369,419,252,606,243,306,472,357,335,147,267,345,349,318,394,961,514,780,779,511,666,536,420,508,315,602,448,305,339,568,384,398,301,713,626,291,464,157
504,340,742,342,169,498,486,360,668,358,344,192,323,336,709,293,156,266,308,893,379,343,956,328,761,329,508,464,529,426,439,783,252,357,295,391,345,363,372,413,865,569,354,459,162
372,235,278,181,45,235,577,448,461,417,768,159,203,434,924,435,92,167,311,270,313,531,986,513,628,409,429,506,283,816,431,751,237,443,227,371,419,458,314,362,590,519,301,507,165
646,354,667,278,91,366,526,327,406,387,595,221,322,441,839,397,176,237,556,762,302,403,955,545,635,701,473,377,712,434,499,598,237,382,280,330,605,307,508,465,733,696,555,550,165
445,300,402,230,54,226,540,372,336,321,344,197,338,382,368,391,117,198,412,324,295,560,952,397,554,791,434,322,401,407,438,425,422,427,291,205,605,394,458,308,714,484,353,480,178
551,398,420,299,155,344,517,333,452,554,355,222,357,353,687,347,234,251,395,752,350,617,947,335,625,591,425,754,746,294,439,504,206,378,281,256,574,332,470,368,759,576,333,524,181
523,377,511,216,78,427,519,390,425,484,456,212,257,375,934,412,113,171,346,292,295,448,992,327,376,303,541,356,353,816,565,835,406,405,333,291,530,367,442,348,668,801,339,596,182
459,319,227,191,57,197,506,413,299,233,356,249,309,407,888,403,178,269,433,301,230,534,941,278,389,649,479,392,586,234,366,755,319,384,266,268,433,377,330,360,730,604,357,402,184
474,346,283,213,79,245,543,398,312,374,339,195,310,370,888,333,138,191,300,319,272,638,977,360,334,341,397,623,412,144,414,459,226,295,283,307,495,340,394,289,640,546,375,434,188
430,278,387,208,69,331,583,457,551,567,401,173,279,332,922,467,74,123,309,254,445,499,993,472,327,332,429,421,434,560,619,872,265,536,244,493,553,293,410,348,702,648,249,472,189
402,260,491,211,72,410,564,421,300,306,665,174,244,459,311,412,111,168,413,299,243,574,965,152,563,793,457,381,351,539,601,755,220,464,252,315,735,503,417,331,697,730,375,524,191
473,319,377,199,58,294,530,369,430,592,569,262,441,440,727,448,165,209,537,629,294,403,957,490,789,550,463,804,704,591,415,368,276,353,285,249,374,354,545,323,724,768,270,529,194
488,343,365,222,85,314,459,329,404,363,645,234,277,514,836,408,233,290,606,324,341,475,934,399,482,758,458,399,328,407,479,347,654,405,338,325,630,362,401,336,592,700,343,594,195
511,359,400,235,65,270,500,359,404,456,394,230,310,428,915,312,242,250,317,306,308,432,934,461,404,496,447,397,440,380,515,714,256,377,315,333,300,343,388,341,745,700,329,532,196
445,295,622,263,122,518,558,461,412,486,376,189,192,333,880,446,112,162,356,273,395,616,994,302,292,291,498,629,599,445,652,887,594,515,261,572,454,363,373,339,662,652,280,515,198
438,293,461,221,83,381,478,295,516,408,805,206,316,425,854,394,168,252,680,720,349,594,944,256,433,472,494,555,602,573,443,355,284,408,285,314,324,407,569,287,636,704,241,600,198
502,372,246,203,69,217,516,406,435,293,419,217,305,422,417,372,219,219,346,308,234,444,941,553,528,475,428,306,430,384,482,336,474,339,297,325,534,354,419,407,713,613,316,469,209
500,270,785,285,85,440,553,351,561,273,506,189,356,394,408,398,230,187,673,852,176,378,964,363,765,682,302,408,708,389,521,612,303,433,230,307,527,362,452,406,753,695,510,514,212
489,336,490,224,87,404,515,373,643,302,783,217,282,326,645,365,143,214,319,625,338,658,970,283,704,690,521,364,301,527,596,856,263,719,321,527,424,724,422,280,697,696,344,535,218
387,240,317,198,59,261,569,414,300,433,351,171,260,435,899,493,94,166,310,298,280,356,1000,336,291,539,418,406,386,356,459,609,263,402,262,372,646,307,335,334,656,550,403,520,221
479,342,362,235,68,225,493,377,407,189,356,233,323,398,701,360,167,243,332,306,299,325,904,367,581,457,431,363,356,329,458,377,691,299,295,256,535,321,328,320,671,596,380,521,225
416,273,410,237,87,306,556,407,407,667,401,182,288,407,389,390,124,195,573,333,420,391,972,558,525,373,437,650,490,446,374,323,239,319,288,312,332,242,384,380,786,630,301,464,226
489,340,574,251,89,418,472,359,498,307,549,218,318,407,638,428,227,291,445,856,314,677,974,424,656,578,490,555,766,541,502,380,251,684,321,272,362,328,512,299,797,683,330,406,226
647,460,819,366,150,481,544,366,641,326,430,212,376,412,769,407,278,380,477,943,423,636,990,549,842,579,481,448,836,430,471,785,241,574,289,216,518,275,544,402,843,813,370,619,228
394,236,476,222,79,387,565,405,443,296,694,139,282,480,918,443,136,148,719,384,240,521,1021,505,701,714,414,310,788,618,541,613,264,733,216,318,543,296,430,344,776,712,352,495,230
431,281,452,211,71,369,580,409,436,399,575,155,288,337,762,426,95,158,331,288,237,427,989,474,527,653,461,265,494,562,459,627,464,340,254,291,493,357,501,377,741,616,279,487,230
560,419,391,231,94,332,546,416,359,242,355,200,309,364,880,418,183,228,310,297,289,403,983,501,695,303,437,686,267,366,388,731,264,281,313,308,471,332,399,406,782,586,361,438,230
403,258,391,201,60,316,600,429,404,310,665,138,246,341,918,457,80,112,318,258,241,393,1014,360,294,341,433,450,293,831,521,689,680,454,232,326,510,346,314,357,706,548,324,519,231
524,352,543,287,144,426,540,226,432,298,593,221,434,412,721,352,436,319,478,918,250,667,976,571,815,722,560,374,658,390,434,791,259,688,279,298,319,280,575,398,839,786,452,486,233
529,403,308,206,73,273,479,398,447,183,578,253,320,435,537,399,191,265,376,313,294,419,894,419,597,746,423,380,350,439,458,415,608,330,310,257,588,366,410,306,634,730,305,467,235
438,288,480,221,85,415,518,429,389,504,743,206,264,448,895,434,201,238,324,308,273,496,973,422,531,321,434,736,295,572,522,371,667,416,287,329,692,342,287,330,705,558,269,435,236
596,435,503,269,137,440,520,341,504,350,367,250,297,425,821,362,217,242,321,868,331,491,954,284,747,297,499,611,314,330,374,579,270,286,315,327,382,361,298,352,779,638,369,494,237
479,341,431,241,109,378,559,384,539,146,493,190,305,386,892,404,247,186,357,793,278,595,993,451,729,695,420,379,607,163,432,730,193,380,257,283,364,314,424,394,838,803,237,495,239
462,313,336,205,68,287,528,345,357,341,315,217,316,361,897,388,167,188,438,320,286,549,957,297,378,724,430,354,523,283,504,340,221,403,256,329,520,351,557,390,744,680,372,541,241
390,242,355,200,59,281,567,291,651,350,277,107,333,361,938,418,215,194,436,872,268,573,1013,399,542,377,451,625,610,676,365,731,272,393,246,290,369,332,357,401,847,610,402,360,244
417,270,422,205,68,355,490,403,316,695,405,169,287,437,827,348,330,263,655,741,278,583,933,324,745,343,489,719,599,671,421,308,255,497,287,397,301,396,372,326,748,627,402,447,246
456,306,503,249,110,411,513,436,333,338,780,205,293,308,912,416,194,224,309,351,302,445,948,428,733,319,477,420,319,424,462,849,232,436,320,359,514,624,429,318,650,671,320,433,247
440,287,212,185,48,183,504,401,347,347,351,276,314,393,878,389,168,221,313,419,374,366,761,487,380,356,413,355,303,360,479,359,238,344,347,281,385,439,542,288,548,478,327,428,248
507,361,378,241,103,319,510,322,550,207,814,236,316,361,383,327,233,269,322,755,196,560,955,334,544,587,468,495,376,386,378,685,251,384,286,392,357,404,438,341,776,543,408,577,251
433,282,421,209,71,357,567,451,559,429,806,159,297,406,884,418,165,152,423,414,246,551,986,455,583,317,451,553,623,727,507,733,222,368,249,271,355,344,387,388,771,711,256,543,252
404,264,477,210,75,415,581,475,431,591,497,151,140,249,935,463,105,160,296,247,370,500,988,332,342,328,609,502,385,838,517,876,184,502,250,324,572,357,489,417,706,680,305,604,252
581,426,660,288,149,527,519,386,730,166,316,207,415,198,847,452,159,331,335,804,353,708,984,162,874,296,485,396,317,410,470,965,331,525,290,280,423,515,486,338,620,782,357,578,254
450,318,277,201,65,239,502,391,373,348,370,214,313,391,878,406,193,243,341,299,332,520,955,456,446,459,401,536,461,390,434,366,235,315,287,280,481,335,412,321,712,590,341,459,255
707,470,835,293,127,586,634,470,500,700,901,96,224,343,986,508,7,59,268,229,891,724,1023,543,254,258,415,694,637,552,609,757,215,436,242,557,383,223,397,393,673,709,182,546,257
526,389,310,213,75,254,540,374,340,568,834,215,338,308,379,428,222,238,396,320,331,439,971,623,647,535,408,590,548,475,334,304,284,324,304,328,313,373,442,329,748,612,435,564,257
463,309,454,228,90,373,576,413,390,377,542,157,284,302,941,459,80,162,374,257,338,366,1009,551,481,694,469,381,401,695,499,731,663,380,212,269,665,282,437,369,776,683,323,533,266
487,356,427,224,95,391,504,387,430,314,395,242,328,347,817,366,137,255,362,295,308,321,927,218,694,500,452,340,442,439,410,415,314,323,299,258,371,365,564,297,750,724,299,580,269
488,326,527,242,88,372,561,371,343,451,589,256,286,424,619,453,96,151,392,309,255,415,981,583,420,460,456,352,461,328,445,321,287,363,265,321,507,275,388,359,653,592,497,556,269
482,331,306,202,61,243,583,405,339,272,636,182,298,449,379,468,87,156,359,285,248,464,1006,564,546,748,400,384,343,431,440,325,690,305,261,306,585,242,342,339,754,586,364,460,270
570,414,636,330,134,411,471,398,593,154,599,234,349,481,395,459,304,316,337,911,451,604,932,483,798,704,485,536,515,406,385,554,313,640,318,412,301,336,409,340,783,837,360,448,274
385,239,533,215,76,440,534,376,311,493,480,133,343,487,345,318,461,249,800,578,210,635,968,426,651,813,346,422,676,487,568,673,350,390,175,234,621,333,368,421,794,609,318,458,276
423,277,382,199,59,311,567,370,315,633,630,112,307,445,626,439,147,164,579,618,220,513,1021,668,741,797,437,552,607,494,382,329,285,331,212,267,395,328,393,335,806,706,362,496,276
472,313,443,263,125,361,548,442,416,429,818,167,317,540,997,427,210,189,474,277,285,474,991,538,684,768,466,376,455,415,445,372,270,258,225,323,598,282,416,352,795,647,400,597,276
396,249,408,202,65,342,560,415,430,462,576,153,264,450,909,476,237,217,457,305,297,480,997,271,642,762,445,347,567,725,599,676,273,486,280,252,443,401,396,376,774,622,293,514,277
438,297,213,175,38,175,503,349,488,370,673,212,321,364,370,379,165,236,334,508,304,441,949,640,572,490,555,678,570,475,473,390,230,299,316,261,409,382,587,276,769,591,262,487,280
490,351,320,202,66,270,539,379,368,303,364,213,306,305,353,427,112,175,513,298,236,361,960,281,446,673,473,313,390,373,438,699,243,357,289,297,630,344,478,318,641,769,361,585,282
452,304,464,246,109,390,523,404,345,371,671,230,339,528,709,271,215,256,759,294,274,457,929,571,738,653,376,380,587,537,442,323,380,368,289,299,626,320,402,327,715,646,294,484,284
451,316,370,202,68,328,472,402,287,454,336,209,319,455,766,380,255,313,336,313,315,322,944,476,542,336,410,731,307,531,675,333,763,426,291,338,550,341,328,400,739,588,337,408,284
493,361,413,210,68,335,545,376,383,391,333,160,279,351,445,366,73,189,452,297,279,371,983,496,583,311,466,549,619,349,419,760,186,313,288,269,416,286,433,351,797,603,338,522,287
465,314,440,228,92,380,566,331,317,426,452,179,284,344,791,426,134,188,718,299,242,485,976,387,456,657,455,609,578,424,472,645,254,651,300,473,521,284,457,374,741,641,373,558,287
371,233,365,193,58,322,531,375,502,338,408,154,316,402,824,419,198,208,408,313,278,533,955,362,573,781,392,416,536,698,455,370,246,476,242,256,288,354,390,321,725,628,307,493,288
516,368,513,253,116,440,476,340,635,273,516,201,344,382,565,262,286,302,271,871,265,498,914,418,780,380,473,508,649,363,490,734,277,715,320,304,270,314,371,324,758,704,478,414,293
551,419,438,217,83,385,511,386,423,364,560,246,344,354,792,399,139,204,335,600,308,444,940,371,518,342,418,762,352,500,428,571,232,314,326,229,345,350,457,339,724,671,371,453,293
421,270,580,238,99,482,528,380,429,572,558,178,276,426,867,430,257,238,349,372,304,522,962,293,531,389,454,347,443,787,556,327,235,519,285,337,603,374,427,425,724,710,322,508,296
474,273,680,261,82,388,554,384,373,474,633,255,296,409,755,430,123,186,584,400,255,449,970,378,405,643,402,394,744,501,585,393,215,379,265,291,433,380,433,374,729,546,385,461,297
506,381,383,207,70,324,489,393,444,391,547,224,305,397,939,373,165,244,332,321,261,504,947,414,556,580,408,516,387,466,463,361,228,356,293,303,514,360,422,328,622,636,359,556,298
471,325,394,206,70,339,501,410,571,367,587,229,319,475,389,370,169,237,417,314,333,557,923,425,693,802,405,465,584,581,522,361,250,593,259,412,329,358,687,383,716,634,277,482,299
480,339,343,219,81,285,529,442,297,152,343,204,262,403,957,430,190,202,349,304,291,475,965,382,378,674,451,426,302,349,366,756,309,307,266,359,480,349,426,333,724,702,354,432,306
530,326,1023,544,256,880,623,381,589,528,916,146,368,352,993,479,34,80,765,661,301,698,1023,553,518,745,308,450,784,459,606,482,256,485,224,201,465,232,398,384,856,640,210,499,307
486,328,696,305,78,367,524,402,430,507,793,207,255,499,903,421,162,169,351,291,299,351,967,169,392,271,458,454,350,661,614,472,757,403,277,220,452,396,245,338,622,606,292,543,307
481,333,534,233,101,483,532,384,474,335,387,191,263,238,894,400,176,219,339,304,279,448,971,400,573,277,506,749,349,722,642,730,820,465,270,428,513,363,135,359,707,551,329,541,310
574,405,619,259,114,481,579,429,365,424,691,154,320,450,343,426,45,143,739,351,259,548,997,507,690,783,426,325,794,459,556,493,338,502,213,254,587,306,424,357,778,702,304,444,316
516,372,524,255,119,447,559,451,425,192,294,196,271,406,848,443,114,261,313,359,265,599,969,556,482,340,434,429,280,377,456,969,218,312,217,526,466,620,409,352,467,631,379,452,316
514,369,416,237,98,341,417,358,660,77,492,246,324,454,406,362,367,350,403,795,363,606,920,299,785,872,475,481,614,452,507,703,320,707,283,350,450,455,583,347,780,719,310,471,316
471,335,382,220,86,339,548,391,405,250,687,206,307,386,827,440,135,181,505,303,215,538,974,422,590,529,436,522,579,408,346,328,518,281,299,290,647,312,403,487,657,550,323,484,317
523,382,389,225,91,338,521,362,631,170,351,185,334,346,688,419,261,211,290,854,239,532,977,453,748,533,480,484,399,361,474,670,281,610,298,206,586,315,403,355,758,677,390,368,321
772,565,798,276,122,586,592,421,546,143,895,123,266,414,807,425,56,149,833,274,258,646,1023,401,683,795,453,396,762,633,634,723,255,482,189,299,535,361,448,381,778,719,421,748,322
464,330,285,195,60,248,474,367,427,324,436,237,329,358,378,377,207,225,373,293,311,423,929,411,555,686,449,350,452,426,518,347,250,358,288,325,459,367,442,298,654,465,307,597,322
488,361,370,229,100,337,507,389,419,243,404,227,336,340,941,284,205,231,434,294,317,488,934,460,389,549,421,380,521,225,401,695,301,286,282,290,480,322,426,308,727,645,296,476,323
379,232,291,193,54,236,564,464,432,430,659,170,267,578,958,461,125,162,473,244,333,372,994,510,293,548,399,423,406,697,540,365,711,395,249,284,289,294,297,326,653,546,234,416,327
461,310,377,210,73,321,545,458,445,409,629,179,280,370,855,385,121,190,406,286,244,501,975,525,419,677,455,326,524,493,533,809,205,575,293,294,596,319,439,339,767,662,299,413,331
467,326,419,236,59,258,524,431,380,678,384,199,318,326,932,415,116,187,328,286,486,563,981,392,375,290,468,709,375,702,524,557,284,379,297,321,519,379,462,284,677,619,320,539,332
497,361,452,236,98,381,558,329,371,366,382,183,424,329,372,374,132,186,348,902,307,551,983,328,855,708,452,364,714,353,465,829,233,615,271,244,273,303,413,466,820,812,345,438,332
403,257,273,187,50,231,541,392,481,454,840,212,302,370,740,406,121,220,711,507,328,387,950,460,533,586,505,271,618,496,505,319,265,355,281,316,391,312,442,360,757,632,215,488,336
453,306,492,220,83,415,545,481,241,591,326,173,186,508,868,449,80,163,400,278,350,571,984,386,505,257,528,340,495,667,481,877,176,422,292,400,674,333,374,284,792,774,368,481,336
443,305,461,215,77,385,489,405,569,402,400,230,273,366,987,389,319,230,337,307,285,390,948,425,634,482,516,372,516,744,580,667,662,535,299,290,280,362,435,363,760,673,291,513,340
455,307,460,215,73,368,530,453,470,618,334,196,293,448,945,451,156,219,483,297,507,523,978,478,395,344,534,717,587,683,527,815,250,334,239,504,591,374,408,354,675,677,330,572,342
443,287,307,205,68,257,532,351,447,613,743,208,338,312,806,435,166,181,360,292,403,554,990,271,353,294,445,519,348,397,432,523,297,306,301,305,414,337,410,228,629,619,285,535,346
513,343,1023,442,167,489,489,396,379,470,476,228,290,404,366,370,138,250,354,278,310,379,936,445,388,632,510,287,422,369,397,724,197,426,300,318,620,294,440,288,677,714,316,475,351
475,329,406,210,74,355,542,372,336,410,319,190,322,374,920,373,136,190,521,280,228,649,967,562,439,718,405,376,588,605,465,513,216,537,256,238,323,295,455,370,756,719,391,544,354
455,307,390,210,69,313,546,420,394,517,682,173,259,435,936,407,77,151,443,316,301,482,1013,417,533,648,468,388,601,711,441,631,241,360,247,367,510,327,377,325,788,678,316,549,357
548,415,457,243,103,375,493,384,437,274,319,225,304,357,940,401,195,221,335,381,280,654,962,439,656,635,471,619,442,468,497,763,184,407,285,463,346,342,449,360,778,778,371,500,359
715,472,1020,386,174,479,586,396,262,512,543,169,308,646,385,474,65,161,434,316,292,521,988,422,661,850,362,413,389,560,533,558,644,383,210,366,702,401,373,342,680,620,395,518,359
461,319,279,197,62,242,505,360,375,293,377,205,328,340,790,402,169,238,374,307,287,368,947,489,339,483,441,327,480,356,426,376,202,348,314,290,542,296,477,314,646,556,340,525,360
428,282,541,252,78,360,576,393,441,204,420,174,297,302,749,436,81,153,362,304,269,478,992,505,636,362,424,584,653,535,539,641,256,443,269,297,562,329,446,386,649,555,287,526,362
545,390,718,289,154,628,466,249,534,142,281,158,295,431,351,345,546,344,296,938,63,604,965,553,939,634,457,381,539,394,418,753,289,591,315,256,278,360,357,468,843,763,481,441,362
426,269,347,186,48,282,529,340,366,473,585,136,319,344,377,337,156,186,708,416,301,606,987,510,894,453,544,414,771,368,491,341,258,331,253,294,301,361,453,399,807,603,339,515,367
453,306,408,223,85,337,561,373,370,380,720,186,244,680,924,425,82,177,649,296,354,472,995,488,341,660,514,430,466,473,531,381,726,310,241,344,425,294,291,320,685,661,355,630,370
541,387,614,278,140,515,482,391,526,620,496,245,339,659,891,335,319,285,562,805,309,643,940,310,772,365,395,644,741,274,445,554,285,528,334,392,331,350,367,325,742,737,285,494,371
393,250,333,208,72,276,535,400,234,562,548,164,300,352,670,398,138,198,763,640,203,537,986,487,540,422,458,620,639,432,445,365,258,325,271,253,525,277,426,332,784,502,391,438,371
474,321,529,272,119,389,601,428,396,408,564,166,307,363,889,481,50,124,685,278,257,549,1018,542,367,735,401,380,730,291,482,568,340,465,204,250,647,220,372,363,748,648,336,515,372
450,318,476,245,108,381,489,346,401,305,624,202,332,310,768,343,162,220,326,323,273,309,922,316,438,309,416,556,322,617,541,346,743,384,332,278,390,367,217,289,609,527,341,486,372
388,246,383,209,67,298,557,363,367,644,814,194,351,338,434,387,105,199,622,293,448,344,976,514,640,701,389,347,524,362,431,335,281,323,260,261,431,336,406,414,781,582,312,505,378
423,276,408,208,73,358,536,407,276,408,693,176,319,421,705,414,131,219,794,488,247,451,973,360,433,717,450,345,764,488,472,303,291,485,222,306,533,358,433,320,738,591,354,464,378
414,262,561,234,79,397,515,330,436,285,480,176,323,518,725,432,416,440,718,793,267,649,967,315,740,790,434,377,738,599,444,427,251,503,253,276,486,412,476,380,750,723,351,527,379
470,327,471,237,99,389,551,419,434,266,348,197,307,379,944,454,112,181,340,257,380,584,983,403,341,508,381,772,674,554,452,710,196,381,274,432,581,374,393,347,710,693,347,517,381
454,308,576,268,89,377,507,414,370,339,795,154,286,494,809,398,224,367,535,293,329,373,951,492,714,660,436,362,498,742,487,523,262,412,255,416,315,367,406,383,770,670,375,565,381
470,330,632,237,101,527,528,266,569,208,265,125,272,237,646,440,314,211,357,937,93,553,998,342,830,512,521,496,663,562,516,801,194,395,272,243,410,396,479,361,808,697,482,348,383
433,277,510,267,90,330,537,310,278,487,305,204,332,367,773,406,165,170,332,777,265,551,980,317,744,305,475,701,656,408,467,342,254,317,304,276,365,340,407,331,787,739,401,559,392
516,379,381,224,87,316,537,435,497,515,431,224,307,396,916,400,195,178,479,757,435,535,973,535,392,319,490,716,526,387,468,525,201,379,292,308,385,303,454,308,779,744,358,451,394
576,445,525,227,95,467,421,352,672,191,817,261,259,177,849,350,214,311,315,356,285,578,870,260,722,366,563,495,275,653,400,905,222,302,326,411,365,760,535,317,558,778,335,659,395
559,406,388,243,107,326,526,505,252,474,681,190,211,759,930,464,162,240,622,268,348,534,992,462,376,358,424,334,442,204,711,294,841,559,267,351,542,286,163,292,614,650,342,362,404
611,463,525,264,127,440,495,334,734,230,592,216,406,282,376,391,258,287,440,954,219,626,959,401,849,681,390,619,751,318,483,774,303,595,321,161,331,358,459,382,819,772,382,417,410
422,199,626,283,109,356,516,359,468,243,328,393,295,393,823,351,123,246,312,590,305,307,849,396,482,353,458,355,322,498,558,643,208,357,324,376,303,383,435,525,602,539,473,471,411
467,337,423,216,67,332,416,338,417,284,411,256,274,290,335,346,214,251,356,345,327,291,935,441,500,293,558,626,324,509,622,510,827,360,318,232,606,381,127,399,703,473,295,598,412
403,261,303,193,58,255,507,366,381,387,753,205,293,446,533,390,124,266,787,308,283,541,975,374,455,712,459,364,740,410,463,378,476,369,270,322,546,301,332,359,741,620,329,515,414
387,241,606,236,103,524,549,355,508,499,691,173,309,372,820,426,91,186,315,767,251,477,993,416,494,306,447,610,614,503,429,432,303,304,274,296,293,314,380,371,767,606,330,467,414
451,322,357,201,68,321,538,380,351,365,405,188,295,413,367,383,159,204,317,321,265,428,955,466,649,646,442,324,355,420,464,348,558,343,291,302,645,338,386,332,750,549,330,457,415
436,274,550,228,70,380,573,356,557,478,545,92,294,361,861,469,179,156,479,498,277,614,1015,437,777,747,414,341,734,714,635,488,251,422,255,250,602,382,491,442,820,702,368,573,416
476,333,315,200,65,274,477,348,384,308,699,256,337,456,377,327,193,197,695,316,248,330,924,359,370,559,412,412,401,415,569,379,718,420,292,295,333,335,317,351,654,522,302,485,423
414,266,456,212,72,373,518,365,388,269,783,185,340,416,470,376,197,229,710,312,252,557,960,366,486,708,399,400,757,424,442,281,282,590,266,328,523,366,376,282,696,604,293,530,423
362,218,357,189,50,294,578,327,290,404,779,117,334,406,674,309,145,185,830,702,208,534,980,342,488,689,385,378,801,632,390,277,277,609,121,259,389,267,416,355,730,596,369,525,425
489,351,491,227,92,426,513,348,337,502,333,170,299,320,761,397,177,217,306,456,217,575,966,314,612,365,442,524,355,583,493,762,237,395,319,356,351,368,428,424,798,774,394,507,425
480,343,361,206,71,307,384,343,376,226,321,227,291,365,708,364,200,275,352,443,306,566,926,411,724,675,511,339,550,482,479,821,239,341,334,390,413,386,460,335,793,701,360,530,429
482,323,503,222,77,389,424,330,643,269,326,211,315,302,417,298,258,299,334,912,172,526,910,440,919,534,560,548,759,490,466,846,219,412,317,226,311,397,442,410,788,727,401,502,430
537,379,801,318,180,683,539,331,711,259,466,164,285,350,406,312,307,227,384,886,227,684,982,355,871,738,497,677,746,428,575,799,216,720,234,311,599,458,577,477,839,750,440,454,430
477,343,414,221,85,348,492,382,709,192,799,198,333,369,386,369,118,269,365,916,249,535,974,509,795,377,599,541,648,342,455,862,217,433,305,301,347,322,381,363,805,679,335,400,432
526,376,473,248,108,388,540,360,371,391,624,194,305,593,839,348,275,268,434,890,445,647,963,440,821,788,459,376,652,356,568,570,250,595,270,340,589,321,513,377,777,728,374,388,441
433,289,346,199,63,303,510,397,311,322,755,229,356,417,363,454,226,235,432,326,286,439,984,357,639,765,420,377,359,461,523,361,253,379,309,268,696,349,395,305,704,597,293,470,443
446,297,391,212,76,328,471,370,437,301,593,207,322,419,873,294,172,216,343,337,251,470,950,341,767,313,460,788,535,514,446,355,246,315,343,280,538,361,412,300,708,585,352,421,447
364,225,315,198,60,255,539,410,423,666,443,326,331,388,379,409,50,199,320,622,835,437,976,356,367,323,444,540,445,339,422,351,263,335,331,257,590,309,416,521,815,672,260,453,448
404,261,426,214,76,348,531,410,459,529,708,184,306,423,361,384,185,205,659,294,318,573,996,610,818,719,448,457,578,642,433,345,218,352,313,297,334,340,404,322,809,686,254,438,450
435,281,436,209,68,365,482,357,348,250,774,219,275,144,602,397,252,251,339,296,213,341,960,463,542,270,568,554,491,483,696,487,838,364,318,279,275,343,203,444,721,637,307,598,451
430,290,426,228,52,261,494,342,426,262,417,157,322,382,678,379,226,253,307,729,208,480,951,358,680,317,438,501,325,592,454,346,209,379,337,332,349,397,420,316,791,579,340,428,456
500,367,368,208,73,317,377,277,518,259,349,261,315,448,468,279,324,335,313,861,198,456,888,481,839,465,561,574,403,429,417,482,216,371,341,426,312,391,545,286,730,648,429,433,462
516,375,495,237,101,425,391,362,420,346,317,200,327,408,378,352,429,400,547,844,286,504,933,601,885,543,470,426,684,370,343,523,261,370,316,303,369,360,368,224,811,682,437,420,463
425,278,461,221,81,379,554,361,498,557,343,180,287,347,922,471,112,172,314,300,749,611,995,313,715,272,440,676,393,662,413,626,254,287,288,273,624,374,407,289,744,566,324,572,465
436,284,498,218,79,422,558,411,435,556,674,166,257,289,854,474,145,182,479,308,323,466,989,435,344,318,477,637,608,707,509,816,258,443,277,579,302,318,379,313,731,593,264,528,466
482,338,576,238,95,464,501,366,607,256,682,148,411,396,399,395,436,295,324,861,182,602,959,417,839,751,435,409,607,441,480,735,295,533,278,335,436,419,393,304,788,637,311,428,470
402,267,327,199,64,297,545,425,364,241,793,174,264,429,780,405,230,206,346,338,307,558,980,372,467,733,432,377,566,589,615,722,399,732,241,434,274,370,362,347,770,514,326,465,472
461,313,428,235,97,360,586,431,239,683,625,152,252,372,999,488,72,137,592,272,714,644,1017,513,296,262,430,721,540,194,392,420,167,305,227,316,612,278,380,352,690,692,323,476,472
453,256,893,309,125,590,509,423,539,148,820,280,179,173,756,459,156,231,453,307,271,378,958,318,427,728,653,478,475,692,481,918,617,399,330,248,628,415,393,344,560,658,474,582,479
543,358,746,303,91,298,546,353,302,424,380,196,339,441,895,391,187,215,325,314,246,431,956,493,506,606,421,415,323,208,547,781,299,466,293,326,549,292,381,278,689,622,412,553,484
463,315,301,207,68,238,530,318,481,323,684,199,323,381,379,364,259,262,301,826,265,477,947,495,753,473,435,453,570,402,417,679,261,639,290,311,254,289,385,352,768,622,383,457,484
588,444,455,248,112,383,449,386,741,146,456,224,300,429,781,348,282,274,322,858,285,480,905,415,917,363,507,491,262,446,448,797,272,428,298,383,312,766,359,365,654,698,380,461,488
517,374,519,257,98,376,526,302,358,176,828,183,364,376,603,333,54,211,347,896,192,516,975,558,748,487,431,370,606,470,470,747,305,450,292,217,503,323,363,391,795,760,408,441,489
441,282,742,309,158,576,593,447,543,417,816,178,254,513,988,494,40,117,565,274,317,609,1005,317,406,314,456,393,671,685,656,849,571,504,210,450,380,351,348,357,669,638,306,583,492
421,276,324,196,58,274,515,356,272,376,337,205,321,397,781,417,225,224,355,329,233,606,956,496,597,710,473,354,552,399,501,430,252,376,291,252,408,325,431,356,708,701,380,449,494
644,469,639,272,123,485,576,502,507,311,744,168,203,766,880,471,70,170,334,256,352,303,1006,451,626,360,437,529,415,551,704,520,851,330,269,180,488,261,52,521,685,600,287,385,494
608,466,661,258,124,554,504,482,580,311,258,200,248,345,374,430,147,214,296,893,264,719,960,394,746,282,553,484,231,419,440,958,256,329,280,398,328,382,327,306,477,663,455,303,499
459,329,332,221,89,296,544,416,312,268,389,223,329,367,819,394,161,213,392,304,238,569,949,570,668,817,461,372,483,648,384,582,249,307,270,276,466,336,665,310,754,598,404,469,502
436,290,436,211,74,375,498,397,463,327,685,214,309,420,847,446,378,281,514,287,315,485,970,333,783,419,444,427,698,587,463,333,246,423,345,315,240,399,366,388,814,612,301,529,503
467,305,553,248,110,474,539,289,455,349,804,175,294,556,960,463,166,208,593,844,151,591,976,361,522,667,521,718,657,824,576,350,241,692,269,338,196,378,534,362,700,729,448,587,506
465,321,390,224,85,319,531,379,385,338,379,176,308,417,786,277,127,179,409,284,289,532,957,542,448,617,481,375,684,499,578,733,653,352,275,320,545,288,440,320,718,582,290,533,507
399,259,305,189,54,271,519,386,265,521,374,188,274,474,287,359,360,234,447,310,306,505,966,252,418,853,461,343,252,613,713,676,295,562,237,328,754,398,409,408,785,608,362,488,509
508,370,523,226,86,431,460,209,743,110,577,210,326,384,408,353,117,335,322,885,309,438,899,377,814,624,590,447,649,395,433,741,287,578,294,331,303,371,364,358,731,743,398,672,509
517,378,445,233,93,369,482,269,660,296,608,198,335,391,410,416,268,277,448,881,254,642,963,502,846,617,524,677,782,437,463,597,336,522,284,327,307,293,373,349,795,698,434,456,510
462,313,415,221,80,326,458,203,405,285,543,227,344,307,803,362,158,247,332,866,405,597,933,279,669,287,545,573,590,514,485,787,351,452,305,372,443,371,330,306,751,582,412,624,511
468,311,355,204,64,287,589,388,344,540,511,178,296,334,825,407,65,141,275,564,364,498,984,599,544,369,429,609,415,450,414,490,198,343,293,234,325,277,457,418,795,595,374,521,514
460,295,469,239,72,320,571,311,675,234,331,134,306,367,619,338,284,186,279,916,118,616,1008,431,869,347,440,430,567,366,350,787,252,574,274,257,340,330,377,421,852,692,474,300,514
484,337,625,289,131,467,497,314,336,340,397,200,339,563,479,389,217,279,735,794,378,673,970,511,694,850,441,427,862,460,588,673,388,573,226,411,608,326,518,285,757,713,400,604,515
480,337,394,229,95,337,559,378,350,289,638,216,284,326,815,421,106,155,370,308,298,519,973,501,367,438,448,463,523,310,478,393,664,329,290,286,479,294,445,278,603,515,358,536,516
500,349,407,226,84,334,526,366,469,218,615,234,310,380,833,420,207,213,353,307,302,371,962,546,682,591,519,382,395,561,470,344,584,315,299,315,601,336,339,321,679,586,322,572,527
539,389,567,254,91,383,565,427,396,435,347,169,288,370,838,445,122,180,322,277,305,595,980,473,452,484,413,388,382,327,499,808,601,373,246,389,706,339,350,381,771,676,315,468,528
606,452,554,274,132,453,452,373,592,500,349,216,356,550,899,288,265,295,372,865,375,565,893,366,810,671,350,637,586,222,540,646,285,550,285,304,318,364,392,400,712,764,384,465,528
459,320,603,271,138,525,533,414,433,452,391,224,328,415,977,432,159,204,430,284,368,482,972,444,391,661,444,359,522,723,453,375,470,403,297,267,378,355,373,352,725,671,306,478,531
421,277,379,229,93,319,532,400,338,371,699,206,288,459,790,405,232,222,661,316,307,545,969,469,501,709,432,333,629,405,546,566,231,406,275,352,529,330,449,334,775,712,313,487,533
551,411,405,252,115,340,545,407,454,160,643,219,310,442,848,450,333,177,377,279,264,543,975,550,854,542,447,326,543,372,439,753,269,333,256,369,479,269,432,335,793,689,383,496,534
503,339,372,246,62,207,471,373,251,589,760,245,371,330,469,454,264,275,477,572,326,443,924,693,669,553,414,667,597,498,394,438,285,313,309,280,303,342,625,285,738,672,328,463,534
490,347,383,211,74,329,500,356,472,443,392,200,299,365,944,415,192,226,424,305,277,634,926,375,411,721,410,436,375,780,523,782,271,569,252,393,343,372,422,329,735,777,327,519,535
421,287,309,191,56,267,491,377,425,297,350,217,327,368,839,414,120,279,352,322,268,459,958,505,739,519,449,568,590,688,502,538,201,392,311,274,516,321,437,326,738,670,361,537,535
474,326,308,218,75,240,510,389,632,193,316,227,281,418,567,393,242,224,332,851,247,493,962,386,770,584,481,334,645,414,467,734,168,579,289,301,299,336,436,365,769,512,402,403,537
388,241,563,231,89,450,520,380,405,423,743,173,243,399,684,371,416,234,336,322,315,517,932,186,586,636,471,444,611,557,536,731,431,466,301,520,396,395,385,420,777,661,314,530,543
453,288,526,221,81,427,569,362,315,522,521,163,287,350,867,466,87,169,280,316,713,609,979,468,711,445,413,587,387,702,554,366,217,446,289,280,225,604,410,354,557,684,374,478,543
481,335,510,233,89,412,455,306,641,205,669,239,310,407,381,374,368,380,536,849,138,575,923,458,832,702,466,619,771,369,392,385,292,415,263,335,314,342,357,371,777,552,432,482,545
414,275,383,196,61,332,567,396,516,431,751,140,298,347,857,436,179,187,337,724,306,333,973,297,580,460,449,393,645,785,444,595,224,384,273,232,523,340,427,336,749,578,333,504,545
397,259,343,189,52,289,552,395,338,396,770,158,299,346,884,411,70,163,591,336,234,405,1008,258,662,482,418,329,642,713,505,396,207,366,260,260,524,353,439,427,790,603,324,476,549
381,244,367,198,62,320,534,432,363,399,322,201,227,420,831,408,158,205,351,297,275,514,935,411,348,386,476,398,295,761,490,814,510,533,256,457,525,326,365,370,681,660,339,494,549
538,399,638,328,156,471,510,302,313,378,244,223,347,482,537,321,194,269,337,877,330,322,920,430,615,361,502,354,413,372,463,838,252,351,282,401,499,313,426,351,737,604,428,607,552
340,197,236,171,34,199,474,353,364,388,374,233,327,258,507,361,284,281,349,315,272,374,914,401,374,332,470,457,346,523,591,526,733,472,310,270,593,358,317,316,681,618,327,488,553
472,304,639,291,105,428,510,407,318,380,344,216,266,393,845,412,232,232,501,327,218,479,956,443,369,366,470,363,566,551,527,803,658,475,293,370,227,398,386,367,755,552,358,429,556
413,241,653,303,66,294,419,381,262,234,310,300,301,305,314,268,231,249,351,745,284,291,741,399,421,295,501,410,350,519,497,552,232,397,332,272,687,372,454,310,530,666,427,462,557
448,314,512,225,91,448,478,428,452,294,389,178,289,384,887,343,131,338,344,318,323,482,963,622,709,620,477,543,386,726,354,761,215,379,347,317,347,373,482,305,781,685,303,420,560
467,331,418,213,80,376,437,339,626,267,489,249,356,367,383,382,291,292,401,328,254,512,900,419,587,796,438,390,482,332,483,350,243,362,310,312,426,371,572,323,705,607,390,561,562
420,281,322,194,57,274,511,343,414,348,676,207,324,361,735,408,243,205,324,583,240,394,957,347,517,355,474,363,380,446,450,417,240,339,331,339,335,364,460,316,769,606,329,549,564
506,363,426,243,75,280,492,328,325,189,320,238,344,329,783,309,160,250,372,321,266,379,881,439,413,477,429,562,448,336,387,396,249,298,312,302,496,331,465,313,647,636,401,482,569
422,288,295,193,59,266,518,362,273,509,370,217,295,353,688,421,149,243,533,301,307,377,947,385,358,490,480,431,523,455,655,368,469,366,314,279,703,341,403,310,678,613,360,573,570
346,206,301,198,58,243,532,325,365,637,450,304,298,366,745,345,166,178,352,721,246,429,957,235,322,325,466,596,364,388,476,322,230,360,281,301,605,377,435,429,758,558,381,482,570
387,243,307,191,54,259,425,358,416,729,359,248,324,384,527,355,280,284,360,452,637,446,900,431,421,337,456,557,349,432,452,370,232,318,331,287,351,382,432,530,781,604,346,440,572
466,306,572,236,92,453,583,261,669,449,781,120,335,382,376,306,272,182,570,920,77,589,998,252,679,791,400,391,855,514,589,351,262,689,187,576,247,358,681,419,822,743,443,447,574
596,411,958,363,120,540,503,409,426,193,559,208,230,312,839,380,165,260,379,299,224,498,943,307,695,463,600,441,329,734,457,891,439,379,292,503,631,360,507,346,705,762,396,614,574
513,379,487,244,107,408,471,322,690,112,412,228,322,360,375,361,316,323,330,900,275,601,931,466,847,415,507,554,479,427,409,856,227,394,272,337,324,379,389,347,798,705,417,343,577
482,336,806,271,130,672,490,350,161,589,265,108,282,291,596,348,352,264,506,929,126,552,972,439,862,735,509,398,640,448,523,835,305,796,272,167,196,301,460,359,828,779,413,454,577
519,371,592,257,115,488,510,296,657,214,389,183,339,290,416,375,180,230,357,876,331,506,940,448,778,457,517,345,560,452,452,873,195,361,249,453,330,359,477,341,727,672,449,442,578
542,370,329,188,49,266,473,358,604,191,392,211,318,400,328,303,212,250,652,615,256,481,862,393,697,735,425,394,690,476,559,508,248,769,252,325,245,371,384,381,757,685,324,433,579
407,266,417,209,72,348,509,401,541,280,408,202,295,355,840,382,101,184,545,458,304,566,980,326,520,660,457,490,399,651,458,703,279,479,279,321,767,391,388,301,776,715,339,527,580
426,276,254,197,60,205,504,332,554,352,708,248,291,401,375,373,203,231,423,331,312,607,923,659,693,846,457,583,686,531,393,278,267,317,284,377,380,335,560,315,735,584,345,528,581
512,368,452,250,114,379,533,355,387,334,537,213,309,370,891,376,224,233,384,316,338,522,962,426,690,663,451,371,406,400,426,740,414,599,275,287,660,284,456,296,778,684,367,545,584
526,378,603,244,108,522,466,337,345,513,653,233,323,498,830,395,224,255,549,718,232,425,904,399,492,452,462,669,677,661,524,608,271,451,283,318,202,348,435,323,670,687,377,622,585
509,360,484,267,80,310,494,444,631,254,368,222,364,345,820,364,200,283,334,859,377,517,940,381,631,439,484,561,499,271,462,813,294,590,292,284,347,371,358,336,788,629,360,486,586
482,343,453,226,92,394,506,331,573,195,439,223,351,312,498,391,192,253,326,835,354,484,957,467,742,276,479,591,376,377,389,746,289,339,290,273,346,325,419,330,767,721,354,472,590
562,426,425,225,91,365,536,348,650,232,314,190,301,384,772,413,137,242,285,866,344,607,975,237,856,473,498,612,468,462,403,818,238,373,285,266,319,333,390,386,830,688,345,470,591
387,242,608,270,108,471,567,341,470,350,290,72,220,335,867,401,511,189,630,925,74,594,1022,301,742,802,514,356,708,517,505,815,258,677,220,368,121,390,426,468,858,755,373,391,593
492,351,383,204,69,339,556,395,394,562,370,162,319,408,847,448,126,156,336,285,314,405,981,687,632,317,374,740,350,651,417,354,249,386,274,316,483,338,389,389,714,726,348,548,594
487,319,895,352,102,418,515,370,452,92,386,197,301,614,829,293,166,267,746,844,221,641,953,310,660,756,411,444,781,560,484,408,282,743,249,282,527,403,412,323,715,721,452,463,596
486,359,373,210,74,320,496,345,297,401,316,272,308,410,803,421,155,234,339,300,262,378,951,397,372,299,461,516,368,542,490,420,729,361,284,266,663,332,264,293,677,597,407,537,597
458,306,567,311,131,327,530,398,525,201,716,237,330,381,868,388,161,222,501,538,227,475,960,479,597,547,410,385,590,313,414,428,244,278,319,297,417,345,442,323,760,627,311,500,600
474,334,396,208,72,339,562,373,441,315,672,180,297,472,765,485,158,165,309,383,293,363,990,608,774,632,430,353,414,540,448,311,234,349,277,317,521,404,499,349,719,610,307,540,601
520,355,560,247,109,480,574,382,438,386,828,165,275,482,931,448,90,166,810,317,278,562,1002,546,342,565,408,433,741,455,529,301,284,649,177,534,223,272,424,336,712,663,288,604,601
392,250,337,190,55,292,479,309,369,416,789,239,302,201,736,410,209,273,320,326,287,320,927,408,515,478,513,561,294,644,557,409,753,362,320,252,569,359,273,307,581,511,276,624,603
478,331,370,225,90,316,503,408,395,215,417,226,284,456,933,448,192,220,621,313,282,600,957,412,380,645,440,348,571,296,427,375,580,346,304,301,471,334,381,335,708,607,308,482,604
486,354,530,274,103,261,529,369,361,336,599,209,305,471,425,364,106,190,335,297,244,354,938,416,452,665,427,250,417,466,439,422,618,356,283,296,511,343,461,319,597,516,324,580,610
442,298,410,218,81,343,454,359,684,134,291,227,303,367,788,412,217,301,309,824,262,374,948,370,666,478,508,664,656,526,417,861,220,520,312,511,352,446,432,295,753,662,419,513,611
494,355,538,244,104,448,528,362,347,370,343,237,333,375,449,381,210,204,346,321,246,311,938,276,776,583,430,402,391,432,635,720,424,361,315,339,668,327,444,357,802,738,393,521,612
411,253,354,211,70,280,612,334,651,97,799,116,386,289,380,498,131,102,342,902,233,649,1023,553,753,836,400,589,612,433,499,800,329,648,179,182,657,320,466,454,854,720,362,390,612
443,292,438,206,66,357,554,352,421,549,684,155,295,388,827,461,225,167,668,742,315,654,991,387,575,758,436,361,571,690,588,508,264,628,247,273,535,386,409,427,753,672,277,530,616
419,271,460,205,68,406,539,316,418,437,835,117,289,368,838,383,411,279,545,888,185,459,956,360,646,427,325,370,617,737,506,655,286,515,231,241,294,368,416,406,764,604,331,369,617
437,287,304,211,74,248,523,341,370,345,802,207,303,429,673,384,215,295,484,469,323,490,963,542,822,695,458,463,676,384,419,430,212,381,293,290,494,312,404,336,777,671,387,553,618
524,372,641,286,146,538,535,369,392,318,702,248,307,529,812,409,179,244,687,332,258,446,954,610,624,567,472,358,656,513,505,586,212,571,284,378,366,308,465,332,735,733,432,574,621
459,318,545,265,82,351,465,400,605,378,468,232,333,392,619,466,151,271,478,691,353,619,980,426,724,704,469,469,772,363,542,732,329,476,313,299,352,378,386,356,794,689,319,495,622
416,269,410,203,67,348,550,380,460,420,781,168,360,372,657,444,198,156,664,506,249,463,987,496,575,704,466,387,787,494,569,535,244,533,218,279,584,332,420,335,769,655,220,490,623
491,337,405,230,93,330,536,368,767,134,467,181,300,376,840,353,120,208,379,855,276,584,973,248,815,703,549,380,725,456,469,734,243,778,252,297,277,339,398,339,786,653,460,488,633
486,344,347,229,94,293,529,397,463,130,379,204,321,320,941,332,172,237,314,700,289,543,952,568,392,477,387,394,315,173,404,753,224,315,286,279,384,259,451,370,730,752,369,534,633
461,320,403,237,98,327,526,377,373,259,382,221,290,430,834,402,201,211,493,314,297,522,961,503,477,719,483,379,506,466,496,591,691,318,270,380,604,318,332,299,743,628,382,534,633
505,342,843,290,143,668,556,440,412,288,371,142,249,476,747,459,391,179,306,324,311,538,1012,420,739,333,428,407,512,568,507,747,477,677,289,498,617,378,451,364,859,857,339,489,634
485,324,514,281,113,340,581,449,384,576,731,140,348,398,988,469,140,149,478,311,307,555,1011,474,544,756,433,327,695,151,492,588,244,423,255,245,522,313,422,423,801,708,300,533,635
546,413,313,226,92,272,579,427,358,454,423,206,286,413,812,461,99,162,307,302,241,513,1010,645,556,312,390,758,345,291,341,476,270,287,257,360,563,249,357,362,761,677,304,428,636
552,404,593,249,114,506,516,434,518,346,438,221,329,455,919,288,137,224,405,539,285,541,911,448,701,344,427,592,566,625,409,759,278,466,309,271,342,353,403,350,737,734,373,511,637
534,391,406,220,83,343,478,395,633,306,378,204,297,358,363,261,168,235,327,908,291,567,958,200,771,340,564,367,692,388,462,866,196,650,268,416,462,390,435,403,824,683,351,449,638
342,190,256,190,46,186,504,353,461,226,374,197,307,407,478,414,228,264,544,736,293,529,949,592,426,587,554,340,694,368,410,585,206,377,331,334,349,305,458,342,752,578,297,427,639
521,385,693,291,164,636,478,349,415,353,420,225,330,343,729,381,208,288,321,815,248,468,897,412,540,305,447,662,606,381,448,564,190,357,311,318,331,371,458,298,721,624,387,545,644
448,304,526,230,91,433,507,358,250,457,342,210,342,312,841,422,127,302,311,322,679,497,995,324,546,304,369,760,427,586,471,439,627,424,321,380,633,361,459,294,740,680,349,479,644
440,297,481,216,79,402,506,400,344,511,725,199,303,474,732,452,167,196,644,629,280,427,984,521,658,707,438,596,722,620,525,387,217,370,285,267,297,388,384,400,751,687,312,523,644
619,439,848,341,136,585,502,362,752,320,337,221,360,359,387,410,249,258,339,859,349,547,925,370,806,318,437,520,286,348,494,823,310,370,312,340,278,550,356,325,714,762,432,427,645
547,400,431,237,101,368,537,371,461,277,756,211,334,368,874,385,245,194,435,848,263,449,970,364,752,610,490,370,570,310,460,519,248,375,271,249,459,329,477,386,783,735,370,470,645
410,276,306,201,65,261,503,360,403,693,368,571,309,384,380,344,209,232,301,718,792,290,951,526,327,366,420,636,361,413,435,349,230,336,311,300,300,389,420,460,843,675,328,437,650
508,369,594,243,102,488,421,303,480,185,741,223,350,392,645,329,167,296,333,904,244,522,932,397,788,695,546,435,380,521,533,712,345,776,285,537,495,386,335,358,764,810,287,488,654
444,290,330,205,67,268,502,331,350,358,724,240,372,403,753,311,176,226,562,324,345,446,927,469,353,717,420,383,579,498,471,593,276,513,303,395,456,329,404,274,589,611,339,537,655
507,369,521,219,84,447,450,287,645,59,584,156,311,299,377,350,416,229,347,907,139,462,938,373,789,422,465,684,597,388,480,785,256,543,272,321,306,402,407,394,803,709,461,344,658
416,266,321,205,68,265,561,417,479,314,611,192,259,565,899,451,119,155,662,288,311,401,1000,402,300,337,428,371,436,691,560,526,714,375,269,235,489,307,333,323,708,610,309,431,661
737,532,671,290,137,508,579,330,390,419,635,159,342,554,813,409,297,249,390,848,295,433,1004,568,927,678,488,377,596,371,433,528,236,369,255,268,657,314,584,401,832,774,352,640,662
429,279,462,226,88,390,540,413,310,584,387,211,268,530,887,442,149,194,561,295,309,591,967,341,456,734,505,378,582,586,561,769,209,460,263,365,587,345,475,371,707,666,332,504,665
457,326,420,201,69,374,488,398,649,90,231,151,277,389,356,343,140,238,311,881,233,557,975,570,822,463,563,409,406,455,406,788,177,385,300,305,367,355,405,386,812,630,441,441,671
845,520,849,360,173,549,614,470,469,423,766,190,261,403,770,479,300,146,695,830,559,568,1023,424,892,587,470,463,724,302,534,558,195,379,250,277,349,322,479,459,825,650,269,524,673
410,252,723,257,108,564,556,388,349,621,434,126,307,367,354,440,405,191,548,799,295,388,1001,399,808,676,378,680,744,638,432,384,266,372,271,235,434,321,431,399,801,758,357,426,675
507,374,350,225,91,298,573,447,368,248,388,197,284,351,868,432,74,168,307,254,303,593,981,469,341,278,430,492,341,314,369,774,566,412,272,339,735,278,287,341,751,754,311,454,675
466,323,410,219,84,350,548,390,485,592,357,181,299,384,920,449,110,177,329,279,360,519,995,601,324,283,417,774,363,564,381,367,237,285,316,277,493,261,403,325,643,522,339,526,686
478,347,359,201,68,319,444,396,296,306,328,241,296,472,886,449,185,276,388,318,353,317,957,368,631,305,441,627,224,632,517,645,718,319,295,352,623,380,272,324,670,583,394,500,692
394,249,277,187,50,235,538,376,356,397,386,167,310,343,931,387,184,226,588,303,284,510,965,513,403,690,455,320,601,535,394,442,243,411,280,347,314,270,461,395,776,647,307,471,694
471,337,391,218,83,325,519,415,443,337,354,208,309,345,907,287,86,225,471,787,331,556,957,480,756,631,523,344,658,468,473,818,168,374,268,289,310,294,495,325,800,754,322,529,695
369,211,513,236,91,398,525,330,418,408,452,152,286,414,379,449,93,244,325,938,341,384,1023,508,848,573,720,952,874,348,402,761,219,441,244,466,585,252,476,370,481,764,366,411,695
436,255,587,238,94,460,482,336,365,301,767,196,324,411,371,366,180,281,324,810,409,314,914,386,559,684,873,870,898,567,405,395,254,408,309,646,440,405,619,372,710,593,298,483,696
524,370,504,237,99,425,534,380,504,696,539,180,330,364,876,385,199,173,640,759,343,552,954,425,673,539,471,584,699,310,510,425,300,376,263,303,371,344,392,352,762,650,355,526,697
442,269,633,315,97,240,544,410,522,222,443,224,279,317,738,411,230,203,332,292,241,325,955,264,449,297,478,483,334,619,523,335,705,373,301,335,462,328,301,351,717,495,340,489,698
470,330,423,215,79,355,550,394,375,459,414,191,328,403,364,418,107,182,324,286,328,386,971,479,533,689,396,376,379,418,454,350,526,345,290,306,704,338,339,394,733,743,312,485,701
489,343,281,207,70,229,487,299,360,327,593,186,318,418,705,421,285,270,337,783,208,565,982,507,795,645,477,333,512,391,417,350,228,346,322,288,491,308,427,293,804,660,340,511,702
485,336,394,229,92,337,463,381,303,246,381,239,298,412,892,337,280,311,349,318,288,438,917,688,640,699,448,392,474,400,407,635,260,335,335,308,667,341,451,356,756,621,358,470,702
422,268,587,243,104,473,586,427,341,337,467,97,260,448,366,466,75,150,420,283,337,528,1023,370,522,340,379,820,627,389,466,307,232,430,222,340,378,397,344,388,803,682,350,493,703
677,476,912,358,180,644,565,418,776,335,735,186,362,361,845,466,170,195,336,939,367,634,1008,383,784,673,465,532,801,213,631,745,383,759,265,235,300,356,410,418,802,722,258,453,704
661,460,685,248,99,512,558,306,405,403,900,119,353,609,715,436,439,192,785,851,182,673,1006,372,810,813,407,448,799,645,661,447,283,610,145,304,526,407,427,427,823,753,351,585,704
642,462,867,304,157,683,568,360,733,229,808,155,322,270,849,451,125,195,315,871,367,685,994,273,721,701,473,544,757,570,566,821,208,747,246,398,294,457,456,362,783,751,230,419,705
419,279,312,194,58,263,529,381,427,325,521,187,320,286,752,366,109,218,773,327,270,394,983,367,480,521,501,343,607,503,432,763,210,328,303,218,509,372,465,312,757,596,312,529,705
406,251,501,223,86,410,440,313,396,404,753,234,360,566,797,410,183,258,497,846,220,435,982,557,815,739,470,443,748,676,523,728,265,673,291,271,403,354,445,366,788,748,386,513,710
479,337,499,222,85,420,441,224,641,226,188,217,338,412,712,409,163,280,385,913,265,600,964,360,845,475,569,585,727,590,473,814,273,422,313,324,425,365,377,280,801,769,472,423,710
479,327,416,236,97,338,560,402,439,575,833,170,265,465,651,415,97,190,758,779,266,547,993,420,361,544,434,721,755,414,500,333,211,357,241,330,338,315,554,328,731,659,448,499,711
389,247,441,204,66,379,577,412,461,334,392,168,233,309,906,490,132,114,309,290,273,510,997,215,308,270,445,513,354,812,528,666,319,455,268,340,602,382,430,343,698,622,339,629,712
417,277,463,201,64,409,550,456,422,523,372,182,220,395,895,480,136,127,364,302,280,484,988,392,342,308,459,468,280,749,556,738,325,411,268,423,439,333,358,385,692,601,343,453,712
381,243,320,217,88,295,465,361,355,757,373,332,327,375,376,354,157,252,412,642,726,493,929,370,366,323,426,697,383,370,443,347,238,339,361,286,307,330,400,320,785,590,324,463,713
695,516,668,258,116,540,509,399,429,248,357,212,322,391,766,452,187,230,424,305,352,492,946,335,510,659,467,745,645,633,464,508,241,581,332,230,304,423,485,376,657,616,349,462,715
438,304,229,198,62,193,497,451,378,300,647,244,273,621,832,374,188,257,357,310,270,377,934,496,422,308,375,330,382,380,651,353,802,455,270,312,607,292,277,305,663,545,338,353,716
427,267,561,245,69,361,595,303,416,262,548,87,300,400,775,443,277,151,673,797,221,491,1008,372,725,757,425,356,782,668,568,464,249,635,191,241,467,339,462,426,808,653,399,507,717
386,243,384,197,60,331,496,376,376,387,377,202,286,306,679,408,238,389,347,302,321,315,948,406,417,306,453,663,348,652,602,303,747,479,274,393,491,331,216,449,711,603,298,541,718
469,299,766,297,108,431,605,377,499,148,823,115,236,490,832,455,63,111,769,691,235,535,989,510,365,731,385,389,660,526,410,417,195,467,191,338,593,454,378,341,761,654,320,608,719
519,352,901,316,122,546,522,423,435,187,494,219,267,547,849,420,194,194,353,293,317,333,950,484,389,379,415,612,386,644,751,422,826,474,252,576,494,375,475,484,685,744,500,627,720
535,394,560,237,99,473,449,290,723,149,372,194,326,248,377,307,190,342,297,904,161,611,910,504,884,599,454,374,720,411,503,876,266,728,268,288,198,379,424,408,775,707,462,523,721
457,309,463,225,90,403,560,420,452,388,663,162,304,360,848,395,96,171,741,344,288,643,977,450,527,726,448,314,705,463,452,668,189,430,227,262,513,316,434,376,770,667,371,553,721
456,324,424,250,126,384,497,350,480,355,347,231,341,332,917,358,140,197,309,343,322,578,948,387,557,296,446,532,289,694,494,698,244,361,319,312,426,647,427,329,709,695,334,492,730
428,277,308,209,73,256,552,431,290,726,285,217,290,413,791,272,85,187,324,298,797,459,930,367,390,254,414,767,363,319,428,276,281,309,280,349,445,316,316,538,797,676,400,443,732
435,274,551,256,87,329,502,393,377,686,377,259,313,396,436,359,199,259,318,571,765,305,937,408,392,351,459,680,390,339,392,354,292,331,324,315,308,316,339,395,795,678,331,444,739
478,349,454,222,90,407,426,384,419,289,668,232,371,345,371,282,203,279,348,690,301,421,885,433,735,576,425,405,707,371,479,731,243,326,287,329,326,339,431,315,701,483,360,413,739
410,251,418,220,78,341,556,361,348,338,646,167,316,479,485,337,180,247,313,849,232,541,987,346,726,729,415,537,594,403,405,818,257,671,291,517,328,371,408,354,832,781,319,378,740
451,307,358,205,70,307,497,395,476,252,364,214,324,501,709,364,287,249,437,348,322,578,944,350,603,836,345,563,373,607,607,333,316,431,228,322,551,386,441,404,758,639,310,468,746
448,309,340,193,57,287,537,295,473,437,745,144,286,367,824,377,350,205,322,875,109,526,975,501,684,380,479,423,377,631,441,672,192,362,263,305,331,363,407,412,789,524,432,494,746
430,303,235,197,60,194,519,399,310,328,366,223,318,418,864,420,155,191,333,330,286,361,951,488,333,386,372,433,413,286,392,313,472,290,313,312,500,276,320,319,661,503,334,408,748
763,482,960,339,165,673,578,383,371,412,659,160,239,360,387,479,237,168,339,867,147,566,1010,480,845,648,554,383,660,373,455,837,202,383,254,359,327,315,436,416,833,649,441,471,748
533,383,477,238,100,390,535,382,443,374,749,212,387,419,390,433,148,229,319,645,246,371,960,561,529,517,444,418,610,337,445,635,304,383,274,343,316,266,342,314,724,630,352,518,749
462,304,485,304,159,372,572,374,483,358,483,175,326,375,855,378,87,144,703,302,291,502,988,394,386,329,417,450,740,289,518,713,348,378,231,344,550,243,382,326,678,576,303,574,751
435,303,261,191,57,232,467,382,308,330,284,266,289,492,705,368,204,213,335,305,327,309,928,232,472,279,452,474,287,412,592,427,776,355,333,256,594,340,223,393,725,492,405,466,751
589,430,789,279,135,628,527,246,441,450,769,170,321,380,366,436,258,214,476,870,341,558,995,550,859,348,578,426,774,424,512,664,218,738,292,291,339,439,398,381,830,726,460,678,754
549,397,606,276,129,482,512,343,720,126,676,205,436,301,384,248,354,376,310,929,350,621,947,231,911,526,491,512,436,360,446,879,320,579,266,239,302,376,368,425,777,663,318,516,759
440,305,512,218,84,445,541,454,495,235,669,172,265,340,826,415,206,182,389,296,212,532,957,290,522,385,452,474,364,730,512,739,268,398,266,346,504,354,392,381,718,693,282,532,762
480,335,304,206,69,261,500,429,314,427,357,211,296,349,809,240,289,232,348,774,266,574,930,411,730,724,472,380,513,339,474,654,252,366,308,327,324,326,537,364,770,722,348,415,764
468,331,440,240,67,270,510,385,404,207,252,206,310,452,862,354,111,254,326,297,291,351,979,353,552,274,432,526,251,642,480,354,761,355,310,347,635,312,324,263,755,628,400,508,764
451,309,437,232,95,373,594,397,434,372,799,148,275,403,365,442,138,158,523,298,198,661,1009,500,790,658,388,336,759,352,508,382,267,450,230,372,354,273,471,369,803,703,310,563,764
434,292,421,208,72,369,493,383,348,446,809,221,311,402,370,440,193,280,367,296,262,371,948,542,734,647,419,433,376,439,454,379,654,336,275,288,379,374,451,372,702,608,266,500,764
473,316,509,240,106,439,530,335,547,472,651,173,296,368,378,364,287,268,310,817,196,541,965,334,832,595,457,588,708,399,474,393,273,339,301,294,332,366,468,348,801,652,346,548,767
448,306,381,211,73,319,544,357,414,348,708,164,314,378,364,394,194,176,322,768,285,410,985,644,793,639,497,402,514,404,458,351,242,390,285,291,391,322,526,336,780,660,288,550,772
500,363,350,207,71,297,484,331,345,620,371,238,322,388,359,363,181,231,474,627,311,332,952,651,748,539,469,497,615,466,460,553,217,367,315,306,338,314,448,333,709,446,339,483,774
518,361,529,255,116,441,582,399,376,311,802,155,274,379,930,493,80,139,475,276,226,498,1015,438,307,697,422,392,519,389,488,804,233,330,252,285,605,310,434,350,675,643,325,495,775
686,539,511,259,124,434,524,338,504,346,402,244,353,588,777,339,293,281,319,816,280,478,940,228,858,642,448,367,651,230,500,747,236,485,338,490,424,320,391,350,812,746,333,500,776
492,334,492,239,98,400,550,417,321,660,375,170,297,339,994,413,211,229,332,290,692,619,990,494,674,327,438,657,355,180,481,710,213,292,286,210,603,310,431,379,773,660,297,526,784
454,311,239,191,56,204,492,391,397,200,366,228,363,624,467,329,207,245,390,302,287,336,927,400,583,833,399,403,393,480,489,666,296,313,259,361,739,336,346,336,753,851,348,456,785
493,332,494,246,106,402,563,430,598,156,871,150,287,422,891,392,194,200,719,772,332,621,989,327,746,790,479,389,820,384,468,639,237,408,269,243,511,344,518,341,751,688,290,550,785
424,289,434,216,77,360,481,277,520,347,322,205,346,288,695,333,298,272,344,859,215,337,928,414,787,542,465,501,438,570,440,724,198,349,289,239,313,341,462,293,755,583,378,504,785
441,298,562,258,118,464,547,388,444,463,312,191,282,436,883,450,85,190,314,302,246,468,1002,468,385,325,421,694,377,682,426,321,254,322,285,349,391,293,363,301,703,728,404,532,786
512,377,586,263,123,490,533,338,699,88,741,179,286,386,459,377,300,296,357,838,213,607,971,630,871,357,404,621,521,477,372,423,249,368,259,320,286,289,407,355,786,595,458,426,787
479,317,747,351,183,428,515,378,384,209,422,183,326,333,845,369,196,247,322,311,250,439,935,501,542,441,421,370,415,646,540,424,308,460,304,292,476,334,478,378,714,606,332,503,788
468,271,729,255,89,478,460,443,465,260,299,234,494,317,349,371,175,291,303,550,267,516,864,270,782,313,505,404,358,387,500,827,306,393,354,365,308,546,387,381,637,806,390,520,791
477,332,403,230,93,340,541,436,358,422,362,216,271,457,960,408,128,217,391,294,390,613,967,493,539,619,388,505,373,326,485,578,276,375,298,335,409,348,415,364,689,624,329,593,792
393,250,377,189,52,319,566,413,469,452,422,115,268,376,951,459,201,171,324,287,313,474,997,471,479,594,445,501,581,869,530,551,272,502,259,262,220,304,420,322,749,644,287,593,796
429,290,305,192,56,259,513,401,522,312,910,212,320,500,963,388,91,201,427,328,277,446,980,597,615,587,405,464,405,723,444,513,264,355,303,283,512,316,340,354,750,589,239,493,797
436,301,273,209,76,235,531,369,239,722,328,393,309,405,407,336,240,219,312,722,733,427,969,525,305,334,412,572,365,334,395,337,277,322,297,316,306,219,352,527,838,716,380,504,798
479,336,504,234,98,428,381,304,253,349,306,248,456,313,355,396,203,244,581,894,444,459,960,337,770,799,536,466,764,463,447,767,353,647,320,176,354,346,378,306,779,738,466,522,800
494,363,389,207,74,338,490,401,444,401,402,212,302,427,892,418,122,206,333,308,310,382,957,452,625,255,510,594,345,648,551,659,662,357,311,211,568,347,341,356,756,676,286,455,801
472,341,314,191,56,269,549,404,486,430,474,192,262,415,762,422,93,177,284,296,747,379,991,394,458,323,437,624,411,502,522,419,664,354,291,330,553,327,389,354,712,614,265,502,805
731,552,652,271,121,476,588,401,293,389,677,144,304,396,737,500,85,117,752,269,309,479,1023,490,573,769,388,371,706,596,564,447,310,466,226,280,645,292,391,355,821,748,362,557,805
507,277,761,295,126,516,530,460,538,369,550,204,223,329,907,475,143,556,299,364,370,681,976,403,650,408,471,441,261,525,512,951,287,695,257,586,425,783,401,334,669,780,406,501,810
394,247,334,204,63,269,558,451,454,658,439,172,282,407,983,430,148,167,422,256,377,474,980,488,334,379,433,497,322,550,400,422,265,367,243,312,342,318,386,382,775,610,308,528,813
439,302,421,219,82,348,560,381,314,395,639,187,286,387,904,417,83,209,327,299,232,531,970,496,555,312,434,337,353,477,398,377,197,337,262,271,499,310,457,365,661,637,399,511,813
443,306,368,205,70,321,546,370,377,411,336,186,280,412,930,436,125,180,326,304,288,489,1005,454,308,312,413,660,235,723,496,580,663,369,273,338,673,326,376,321,680,580,366,515,816
536,375,666,296,119,478,426,460,407,421,350,266,219,573,957,355,311,297,352,306,379,469,896,458,787,392,473,410,351,468,513,889,461,400,270,509,567,333,383,432,763,726,318,508,818
470,314,807,304,133,587,589,460,441,347,466,146,274,379,940,459,104,113,326,265,272,522,993,478,292,469,419,317,456,803,545,709,178,463,236,214,419,334,476,314,683,580,336,511,818
467,313,455,243,102,364,581,418,541,137,664,170,289,509,906,344,125,186,316,833,329,527,984,274,590,622,469,368,667,213,429,714,223,528,265,398,620,271,396,291,791,731,316,472,821
516,368,919,346,149,624,477,222,620,240,500,180,366,355,377,411,308,377,312,916,225,712,966,456,944,710,601,526,563,429,428,849,294,647,303,341,543,342,569,370,787,683,451,422,822
491,363,343,217,84,304,469,399,477,223,396,224,315,365,951,406,226,310,408,308,309,555,920,476,413,702,522,375,376,416,379,760,228,339,315,292,374,365,493,311,723,654,354,600,826
489,343,556,251,112,468,533,356,606,200,381,211,364,303,810,354,258,177,338,899,327,553,935,386,752,562,522,424,627,426,491,786,319,412,275,261,275,368,411,351,798,724,386,385,831
536,401,454,227,91,386,473,369,682,150,331,210,305,316,618,316,168,247,383,907,261,541,945,401,766,306,594,583,639,342,490,829,259,634,299,333,313,348,445,270,785,721,380,486,833
542,390,590,282,104,388,518,284,656,372,561,200,344,383,779,394,189,297,316,924,270,573,967,277,927,653,556,466,698,367,471,782,336,558,276,506,279,281,329,361,832,717,387,638,833
460,311,537,249,116,466,549,389,428,287,733,147,298,431,494,383,165,195,574,354,210,621,974,487,696,740,427,381,764,540,572,467,270,533,230,290,528,342,431,353,774,661,320,583,834
418,271,621,236,98,528,607,466,451,441,738,144,148,212,901,456,65,122,283,520,232,679,992,471,512,446,524,385,374,794,621,856,247,700,250,354,374,783,452,375,698,646,379,601,842
485,340,437,230,93,366,541,385,520,394,803,182,341,469,785,441,175,198,707,284,287,524,989,250,638,657,476,369,698,393,576,655,229,667,232,384,409,364,476,341,719,717,260,604,842
534,380,722,271,114,543,523,350,667,151,750,154,306,450,328,426,168,206,335,867,162,597,970,429,902,759,510,374,666,498,572,766,254,753,252,310,444,372,446,377,809,788,485,591,850
475,323,392,210,74,337,613,450,437,530,388,128,302,338,892,469,15,97,321,255,268,577,1008,395,250,251,359,687,549,527,687,472,558,360,240,398,517,298,371,372,704,711,351,530,852
365,207,308,192,56,265,309,291,296,522,322,280,338,370,375,217,469,243,437,729,286,370,821,198,636,460,514,713,431,409,496,358,283,306,345,292,523,427,586,370,706,597,398,491,853
462,316,418,224,86,347,578,438,267,401,309,160,271,402,914,466,96,144,517,281,331,567,1004,392,606,299,385,806,424,334,394,355,533,334,247,295,596,297,431,329,743,545,371,485,853
528,396,452,237,103,388,518,416,278,296,341,210,309,448,832,430,200,207,419,270,277,499,962,252,684,277,423,465,314,430,433,471,521,326,297,330,493,361,353,280,705,650,370,511,856
705,492,1023,352,190,810,532,280,560,372,529,191,438,394,822,398,124,187,849,847,201,644,986,500,793,783,484,364,822,512,634,686,298,675,223,250,694,306,522,343,763,740,343,580,857
443,288,514,218,77,423,598,411,451,470,399,141,253,434,834,480,102,94,313,255,466,557,1009,417,614,244,419,670,478,722,665,384,614,506,247,315,607,315,332,399,739,631,306,498,859
471,327,330,205,68,282,553,360,428,261,650,180,316,318,807,429,164,186,309,302,278,495,981,505,589,311,405,440,336,366,482,692,505,308,280,366,678,285,379,297,713,556,300,524,866
453,309,621,269,105,451,525,367,500,568,407,191,318,375,850,461,218,204,375,318,342,498,988,518,380,369,384,720,467,574,551,415,237,440,275,414,442,321,389,345,704,562,293,496,868
423,268,393,218,75,304,471,390,428,273,492,249,346,371,896,414,182,272,514,299,335,535,958,429,457,744,475,384,475,487,489,693,376,295,335,249,564,322,449,328,734,664,365,463,869
492,338,483,221,78,383,554,421,442,348,854,186,326,559,785,404,125,188,634,725,282,521,963,464,775,597,401,324,724,617,559,351,285,442,226,338,530,357,502,381,770,672,356,450,871
455,307,402,244,109,336,569,350,300,429,681,185,337,370,826,345,110,182,642,324,365,631,997,427,673,646,368,607,656,399,494,378,260,681,269,290,347,234,394,377,799,583,304,523,872
502,353,365,231,97,313,556,388,397,326,329,194,310,364,796,475,132,208,392,293,279,490,983,489,353,345,409,593,423,361,443,578,569,340,239,301,649,306,391,376,700,609,380,530,872
431,284,408,199,62,343,518,415,481,475,687,169,304,397,369,356,349,238,645,512,242,369,959,473,783,697,417,374,641,582,509,322,316,328,278,315,489,386,374,403,796,717,308,437,872
519,364,425,223,82,343,540,310,492,366,306,183,348,346,437,370,238,252,287,886,192,561,973,520,882,309,488,634,503,411,394,338,311,320,297,269,342,337,423,270,807,718,540,372,878
676,491,850,332,182,658,566,381,409,368,403,172,308,406,922,354,109,248,357,859,383,624,972,518,756,753,452,530,775,246,524,463,289,688,276,322,242,280,540,378,780,710,389,541,879
486,331,478,237,97,394,545,361,353,500,566,211,322,375,391,498,150,228,739,379,265,550,984,650,606,603,434,633,565,493,430,398,284,349,266,309,470,365,418,363,770,713,305,552,879
556,374,987,312,93,502,605,364,397,398,409,165,323,298,851,478,79,133,549,288,233,454,1004,236,459,660,461,491,563,722,424,454,213,424,205,253,304,397,482,348,711,662,359,582,879
473,328,354,205,68,296,489,296,615,344,427,188,408,329,791,430,260,279,362,903,382,417,973,572,815,389,454,598,412,497,417,774,325,320,281,313,368,366,332,331,817,634,341,388,881
498,306,1023,461,163,520,514,364,355,515,834,198,353,371,721,415,119,286,844,317,321,558,985,384,442,770,447,314,666,555,433,322,281,576,324,261,519,381,469,333,750,627,282,520,881
528,352,602,235,88,468,584,409,414,408,850,157,291,421,757,430,188,152,409,274,261,412,996,383,552,699,444,351,725,601,544,362,217,406,241,298,487,341,409,370,754,689,262,530,882
419,286,260,180,45,226,465,366,364,318,336,219,325,415,365,358,224,236,360,336,270,561,919,259,470,758,401,384,367,407,516,352,490,368,282,326,637,385,339,292,727,552,377,462,883
549,394,546,295,113,353,495,294,696,208,272,251,437,343,679,233,306,261,311,878,221,604,943,210,877,312,389,647,612,372,476,889,290,720,290,319,352,346,394,313,787,686,458,474,885
544,394,703,291,110,489,474,391,216,500,315,199,211,322,881,333,239,289,300,337,235,413,924,361,765,415,548,419,361,685,430,912,149,422,312,586,304,376,470,359,736,655,427,582,887
499,348,366,225,88,301,561,433,398,278,557,208,339,399,397,358,99,175,830,240,333,550,957,389,386,715,466,319,768,326,525,670,581,395,188,348,586,323,370,321,694,699,348,529,888
486,319,587,307,136,403,577,449,395,266,509,193,345,501,408,428,86,176,793,259,258,583,1002,324,597,762,436,387,857,432,496,431,301,555,250,318,471,296,372,316,807,688,349,490,889
552,401,433,237,95,343,516,370,412,119,427,209,340,536,964,436,313,227,321,416,222,611,967,335,818,491,352,570,611,90,430,924,275,304,282,521,526,343,269,393,813,702,329,447,890
414,268,434,212,72,355,552,430,459,430,426,135,279,426,839,427,312,178,372,286,283,656,978,315,570,733,436,370,569,729,528,511,242,426,262,309,370,378,425,380,791,734,281,447,890
719,511,779,318,165,593,558,386,488,562,816,191,288,334,971,459,115,174,329,274,342,646,1018,559,502,289,456,728,645,608,430,481,277,325,287,415,594,250,445,310,733,724,329,640,891
432,304,264,192,60,236,511,396,369,251,364,214,304,412,771,294,148,205,420,287,299,364,933,458,363,476,440,564,479,375,457,409,699,362,297,247,620,300,306,337,633,580,336,458,892
492,351,325,225,92,282,526,500,306,329,344,244,206,677,736,366,126,218,324,272,233,381,940,495,543,280,452,317,335,389,495,431,820,365,295,274,587,276,226,517,712,629,381,397,893
542,379,441,230,91,359,569,470,477,420,580,191,307,345,975,432,201,159,503,762,291,531,986,318,573,713,459,569,711,314,614,539,233,531,224,268,455,377,446,343,793,700,282,523,894
493,348,509,271,79,319,504,356,618,178,297,219,323,396,362,346,334,271,498,874,328,497,956,486,841,455,481,516,489,443,466,755,278,370,280,316,418,384,337,345,834,690,443,414,894
460,318,486,215,80,419,443,289,579,307,662,174,343,326,369,322,234,256,426,917,119,572,930,394,797,594,476,468,727,370,442,772,268,424,265,327,405,413,389,294,773,712,428,387,899
489,321,601,259,106,456,541,434,454,501,474,194,296,398,707,415,216,215,403,774,196,616,988,321,595,593,425,615,776,470,550,632,218,572,303,187,298,383,554,363,759,687,346,339,899
451,313,364,206,72,326,509,360,306,439,358,199,316,393,796,387,208,262,326,296,317,310,944,314,582,350,436,512,346,398,635,411,666,417,309,238,630,388,361,551,724,638,346,543,899
446,314,327,196,61,274,455,374,332,319,776,264,301,422,418,337,217,242,343,326,294,293,933,393,457,628,501,427,331,422,599,390,705,422,330,277,595,326,304,265,673,627,354,467,900
524,374,524,250,110,426,517,296,691,120,747,210,368,330,803,354,242,235,301,888,342,498,973,534,774,388,475,580,612,446,435,560,279,498,304,211,447,305,374,350,794,726,435,490,902
528,382,551,274,139,471,466,375,389,296,449,250,298,385,911,375,300,317,345,415,318,499,932,475,680,357,456,499,341,162,420,770,299,337,323,373,417,339,376,304,753,669,326,489,905
463,316,302,188,51,259,529,383,477,294,379,200,320,333,949,405,180,193,404,294,293,549,959,463,423,422,434,421,479,727,433,740,225,332,285,352,387,316,436,358,742,567,316,471,908
434,282,374,219,82,316,543,406,430,369,865,212,293,556,787,416,132,193,770,604,283,387,968,426,510,598,502,332,668,277,526,373,375,393,284,304,328,294,402,355,753,640,317,515,909
593,351,1023,515,214,1012,527,419,516,152,402,276,281,403,947,372,141,226,302,357,299,505,940,334,422,398,447,443,343,703,516,822,233,453,299,480,345,344,419,333,680,723,464,478,912
557,374,527,221,77,411,602,199,408,464,365,66,268,214,361,478,553,282,271,937,129,500,1023,503,870,368,380,422,474,352,325,780,217,377,273,85,275,305,476,492,831,638,423,319,916
421,275,293,199,64,240,574,375,394,518,706,185,304,338,905,432,67,132,296,283,440,558,1005,589,492,286,447,676,483,485,489,420,606,324,285,264,552,227,436,353,700,706,343,518,919
578,430,762,295,156,633,489,221,624,354,252,185,329,472,366,391,487,325,305,952,260,525,974,423,878,709,618,464,609,359,397,763,328,438,295,293,518,391,441,409,837,719,472,649,920
649,419,830,300,139,603,541,322,485,465,525,233,323,403,639,510,208,201,477,739,283,536,965,410,831,727,493,414,639,432,595,591,314,557,290,400,400,392,418,360,794,709,357,503,922
412,269,378,198,61,315,512,390,432,323,407,186,312,382,955,408,94,386,352,295,780,654,987,450,718,293,449,651,351,832,589,503,252,447,295,319,679,623,407,360,736,674,360,555,925
482,347,346,192,57,304,454,393,271,436,349,240,288,374,794,411,196,814,301,331,295,603,957,395,529,320,429,410,296,624,484,782,214,402,333,259,580,392,411,301,474,625,361,459,926
501,352,389,206,68,326,548,404,487,384,681,186,288,431,854,451,144,218,515,295,311,385,967,566,724,675,420,420,505,578,498,461,242,390,279,318,552,369,502,349,737,620,301,559,926
437,290,456,232,95,389,529,376,518,202,843,222,299,646,873,428,142,199,735,386,294,587,961,406,522,694,405,394,685,329,516,462,248,428,301,283,503,349,371,359,750,697,313,494,926
568,354,580,264,71,310,446,382,444,257,303,492,333,367,413,296,164,254,334,548,288,279,837,366,500,423,449,371,373,452,509,450,268,343,361,330,352,381,445,388,624,596,619,465,926
454,309,389,206,69,314,550,444,475,283,755,173,274,428,990,402,82,154,350,284,660,496,1001,483,433,300,441,409,287,775,386,747,362,310,284,296,582,317,374,302,671,625,328,493,930
651,446,1000,351,132,639,602,382,638,280,924,89,341,391,685,422,120,110,922,279,300,535,1023,241,733,699,420,368,820,544,655,356,262,468,80,355,557,374,492,411,801,632,140,647,930
528,378,627,262,120,514,504,398,760,189,518,210,277,357,362,371,282,264,334,903,282,790,963,480,959,739,463,622,596,402,542,897,244,698,215,521,347,418,435,347,831,665,328,421,931
441,287,437,217,77,356,585,449,374,595,817,166,243,333,940,488,82,149,481,287,349,557,1015,524,258,306,459,567,380,685,391,729,336,418,275,303,398,268,432,348,706,533,312,470,938
468,328,360,215,78,304,511,371,389,408,650,230,361,383,411,414,192,211,712,328,312,545,965,546,602,689,362,370,716,516,476,671,263,381,288,276,523,294,381,324,768,648,263,505,940
449,303,422,213,72,335,488,310,492,392,724,187,293,354,945,425,125,230,509,862,231,670,996,389,730,672,542,474,693,774,526,643,239,462,322,208,345,391,450,357,777,660,452,577,946
421,271,545,234,95,454,584,431,425,452,572,173,274,450,854,453,95,137,371,289,257,493,996,311,405,491,394,349,406,691,510,373,234,407,264,266,295,389,407,341,733,632,298,450,946
416,266,317,188,51,269,514,353,406,573,509,217,354,331,737,423,240,250,580,311,274,567,959,419,700,480,379,608,568,516,462,370,221,366,288,292,301,378,494,400,761,689,382,499,947
427,285,306,187,51,265,521,406,301,461,314,205,269,378,865,398,162,210,374,291,325,586,957,339,454,685,478,401,402,731,501,637,282,668,257,313,324,376,396,284,742,616,351,488,948
444,300,311,208,70,258,528,360,349,347,694,207,302,341,903,409,259,233,555,656,201,550,980,463,675,410,481,454,467,334,498,394,275,387,268,262,626,331,425,372,767,735,346,553,956
449,307,361,199,62,304,485,362,441,189,339,222,292,367,767,354,242,405,304,338,216,349,931,421,465,424,424,578,350,625,608,382,771,412,321,354,501,342,241,352,704,623,352,461,961
437,288,451,217,78,382,548,365,558,255,821,182,309,499,917,414,110,213,594,814,235,483,987,390,744,680,480,359,647,659,480,496,264,314,273,257,637,347,441,361,770,707,329,555,963
468,310,705,260,118,577,537,507,571,124,475,198,194,676,817,442,212,164,574,265,279,602,988,481,542,328,510,429,574,706,866,840,374,689,265,512,685,313,387,385,729,664,257,548,965
571,372,660,265,105,469,546,402,449,374,634,164,382,574,800,448,189,178,838,824,294,384,995,305,615,771,431,380,655,447,497,535,385,397,250,248,589,350,386,303,797,747,322,445,966
490,342,528,232,94,437,547,404,695,42,426,148,304,401,863,340,97,163,567,906,278,470,1010,500,745,361,566,383,773,518,385,835,208,386,269,271,450,300,414,370,809,692,335,640,971
505,370,386,234,104,340,562,380,421,231,837,210,315,389,852,415,98,178,328,671,249,489,979,441,790,596,464,381,440,337,406,754,542,296,264,311,547,295,406,379,776,640,356,538,972
461,304,509,222,82,412,559,401,215,403,760,192,326,345,660,458,84,158,541,309,279,384,996,306,504,770,460,364,577,628,490,772,249,367,240,267,607,375,410,358,714,617,404,522,975
512,364,511,250,113,423,536,354,472,194,790,191,318,338,806,376,206,260,403,304,231,654,966,436,783,812,498,621,578,324,455,323,258,549,225,344,463,329,594,365,790,749,447,562,980
522,364,532,270,88,326,466,275,744,187,564,207,381,361,371,382,230,254,351,929,428,569,972,267,706,388,538,617,772,366,416,552,269,619,330,161,327,352,381,320,763,650,320,457,981
422,286,282,196,61,250,572,435,412,292,383,176,245,415,848,459,99,180,314,268,283,484,1000,449,263,281,466,359,335,496,471,826,576,351,249,316,553,288,373,339,741,569,339,477,985
448,297,558,246,103,446,602,459,632,669,598,108,302,326,976,485,94,131,330,803,310,667,1023,310,654,634,458,614,679,653,658,569,217,718,267,184,246,346,462,416,848,755,267,449,991
439,297,440,217,79,375,533,386,331,382,375,175,282,413,367,359,319,151,363,312,289,577,978,390,638,799,462,389,440,409,542,861,242,478,247,345,323,376,364,391,841,788,337,476,992
483,321,354,210,69,282,558,451,402,273,510,219,287,735,783,421,146,156,551,275,265,409,1000,576,560,434,373,447,659,396,497,325,745,342,253,303,376,268,245,362,753,597,345,434,994
417,272,559,240,101,467,431,285,592,379,449,190,330,369,353,311,210,267,321,903,314,375,949,441,858,662,791,800,936,408,475,689,319,437,289,640,370,467,551,361,492,583,443,465,994
482,336,358,212,77,305,473,354,424,326,866,210,306,517,384,370,210,241,567,351,339,347,917,586,552,498,480,402,394,406,459,349,326,314,328,353,467,316,403,288,685,636,459,626,995
462,324,354,202,67,305,526,396,337,344,322,211,308,325,892,358,127,205,374,292,342,609,961,437,388,490,411,435,229,609,418,826,436,346,277,429,662,327,394,296,745,689,357,490,998
448,302,426,220,84,359,550,375,399,650,361,178,286,353,822,418,80,170,316,300,714,522,1004,456,553,310,442,527,374,469,457,335,243,322,279,311,617,325,401,377,780,683,301,511,1003
698,517,594,250,103,458,575,397,345,835,754,181,283,354,370,431,153,145,443,704,807,495,993,424,314,317,412,706,428,436,491,333,260,350,300,300,330,322,399,517,875,710,366,498,1005
501,341,588,250,114,504,530,366,395,344,619,191,332,425,938,401,144,215,686,364,279,634,966,479,389,757,400,411,710,386,517,488,564,357,249,313,511,335,426,335,756,684,339,534,1006
493,347,490,236,100,425,469,344,562,300,374,222,370,294,612,394,331,259,305,851,333,442,952,494,737,541,470,476,417,360,427,796,268,382,315,198,438,357,436,358,775,663,396,409,1007
484,343,376,212,76,318,537,416,358,409,397,212,284,410,880,446,125,191,318,306,302,603,968,380,317,301,412,656,449,386,400,780,309,445,299,350,398,342,277,346,639,629,278,408,1013
458,324,298,201,68,260,479,363,373,223,328,222,298,403,840,372,182,268,321,313,304,351,925,466,498,354,449,362,342,434,757,326,742,370,300,385,565,369,408,343,751,607,361,540,1014
535,397,495,245,108,424,471,364,423,445,886,235,282,657,939,458,218,283,387,328,329,463,947,457,724,313,487,602,384,566,709,520,839,522,313,180,440,353,155,394,645,626,327,619,1017
425,280,403,210,72,337,552,403,345,440,407,176,265,363,883,416,122,131,366,286,259,531,985,299,328,285,444,446,273,706,481,654,260,320,235,404,639,351,404,353,724,690,341,466,1019
383,234,313,193,55,261,543,398,578,273,846,177,299,388,902,434,152,206,418,682,323,484,994,336,495,733,424,420,748,635,567,333,260,464,298,265,505,353,459,371,762,611,237,452,1020
472,336,329,198,61,282,490,394,384,399,371,190,319,403,391,407,166,243,344,310,291,509,938,399,636,775,428,610,409,654,456,492,279,396,262,325,533,425,553,362,795,589,352,508,1023
558,370,900,297,146,680,593,375,515,529,875,139,270,332,954,487,105,101,323,294,251,579,1023,317,533,302,423,556,457,818,625,812,219,517,247,556,233,372,385,398,748,635,240,605,1023
443,297,339,214,79,290,470,381,290,338,463,244,331,374,751,347,199,253,369,314,435,533,932,422,358,388,423,679,359,310,416,351,273,341,316,273,409,545,393,284,451,616,359,454,1023
